Type,Breast-AdenoCA::S.110,Breast-AdenoCA::S.115,Breast-AdenoCA::S.122,Breast-AdenoCA::S.125,Breast-AdenoCA::S.19,Breast-AdenoCA::S.214,Breast-AdenoCA::S.223,Breast-AdenoCA::S.23,Breast-AdenoCA::S.248,Breast-AdenoCA::S.282,Breast-AdenoCA::S.3,Breast-AdenoCA::S.321,Breast-AdenoCA::S.329,Breast-AdenoCA::S.340,Breast-AdenoCA::S.358,Breast-AdenoCA::S.369,Breast-AdenoCA::S.387,Breast-AdenoCA::S.411,Breast-AdenoCA::S.422,Breast-AdenoCA::S.447,Breast-AdenoCA::S.451,Breast-AdenoCA::S.474,Breast-AdenoCA::S.500,Breast-AdenoCA::S.518,Breast-AdenoCA::S.571,Breast-AdenoCA::S.602,Breast-AdenoCA::S.606,Breast-AdenoCA::S.616,Breast-AdenoCA::S.618,Breast-AdenoCA::S.636,Breast-AdenoCA::S.669,Breast-AdenoCA::S.680,Breast-AdenoCA::S.7,Breast-AdenoCA::S.701,Breast-AdenoCA::S.740,Breast-AdenoCA::S.742,Breast-AdenoCA::S.743,Breast-AdenoCA::S.772,Breast-AdenoCA::S.783,Breast-AdenoCA::S.800
A[C>A]A,171,235,64,133,200,37,61,151,213,69,54,204,354,230,251,330,660,87,260,244,312,208,181,143,205,157,161,228,195,42,215,389,152,207,228,135,174,324,163,208
A[C>A]C,144,123,59,51,149,27,37,74,296,81,51,243,238,208,190,143,460,83,253,416,271,194,166,181,245,249,205,272,125,34,244,562,245,258,148,105,225,251,198,188
A[C>A]G,23,18,8,12,20,3,6,17,14,6,11,16,28,25,27,22,20,17,29,13,40,25,41,16,20,18,28,29,37,4,21,52,20,30,25,17,36,17,21,23
A[C>A]T,112,97,49,38,129,40,14,78,172,34,44,174,133,107,106,167,175,78,156,138,172,145,98,92,221,158,183,121,113,16,160,208,74,96,62,120,274,309,75,161
A[C>G]A,165,109,49,113,168,70,53,68,239,70,36,117,190,215,142,209,334,135,331,265,204,201,246,142,310,224,225,174,335,52,178,347,222,336,180,219,287,374,153,104
A[C>G]C,85,51,37,57,94,22,23,21,139,48,28,159,182,72,120,109,267,78,162,100,238,219,78,45,119,100,70,108,159,45,91,387,131,208,126,89,222,211,205,88
A[C>G]G,17,7,3,3,10,5,7,9,12,4,7,9,15,5,7,10,7,7,4,8,3,10,27,8,6,6,5,12,3,6,6,19,4,2,4,8,5,9,10,11
A[C>G]T,209,148,79,58,163,51,68,83,273,70,66,104,213,167,148,240,287,219,391,335,168,183,187,143,228,153,168,217,227,42,107,428,248,212,164,124,320,338,108,240
A[C>T]A,230,137,208,153,282,159,230,301,372,84,162,219,344,156,320,226,226,158,217,477,252,226,406,209,369,329,196,235,230,168,202,292,319,209,356,165,304,212,238,316
A[C>T]C,180,113,81,74,145,48,36,192,149,58,58,171,176,121,143,141,145,139,187,203,253,176,166,70,189,114,106,97,202,95,230,213,120,88,144,175,173,189,162,287
A[C>T]G,190,119,180,268,133,176,87,413,236,147,229,135,66,228,171,208,111,136,327,289,120,117,83,250,289,65,270,240,199,245,144,295,144,177,411,134,187,262,100,161
A[C>T]T,268,160,118,115,123,53,33,190,242,73,169,232,194,121,242,190,272,91,218,215,198,216,162,132,283,150,286,172,147,58,232,326,136,207,138,143,179,291,103,248
A[T>A]A,67,51,39,26,73,30,19,54,53,33,33,47,64,41,41,78,144,85,126,57,56,54,100,41,82,61,65,79,81,12,49,82,68,69,63,60,98,143,46,85
A[T>A]C,82,73,45,47,74,21,32,61,78,28,31,154,78,81,108,65,206,76,91,136,85,100,86,58,90,62,53,91,114,49,139,123,62,90,74,60,71,60,110,108
A[T>A]G,99,65,46,42,122,40,20,83,103,44,36,211,108,124,92,133,113,80,195,83,117,124,102,90,106,95,129,103,159,28,97,211,87,191,138,84,220,217,126,119
A[T>A]T,69,51,50,23,97,41,16,85,69,14,27,100,103,61,101,123,100,73,127,103,53,73,78,76,83,76,55,71,83,19,54,118,77,61,52,55,93,83,57,138
A[T>C]A,285,224,294,239,304,241,219,345,271,122,195,119,365,247,237,293,606,375,244,331,332,302,343,219,443,214,140,227,276,143,291,476,204,193,225,236,280,402,382,471
A[T>C]C,84,55,46,40,100,39,38,117,205,41,43,146,132,73,115,109,124,67,164,190,102,111,190,74,121,110,90,97,105,27,116,169,104,64,98,65,151,70,98,175
A[T>C]G,272,158,54,137,267,201,173,180,165,51,223,240,222,182,185,379,294,178,154,223,222,236,253,106,274,195,145,243,189,91,347,390,282,193,165,94,119,333,206,256
A[T>C]T,262,210,151,100,290,92,117,219,579,175,176,181,305,223,346,346,434,234,313,432,307,305,426,217,493,297,343,252,216,156,201,425,242,201,224,389,386,239,292,318
A[T>G]A,54,27,31,20,37,7,10,39,40,9,21,35,44,40,60,58,90,42,61,76,70,71,68,47,62,31,58,34,70,16,21,85,31,32,29,34,80,81,43,70
A[T>G]C,36,28,33,20,41,7,7,35,25,18,9,31,33,27,37,37,50,32,38,51,38,49,29,10,43,30,29,46,47,5,29,55,11,26,18,28,25,30,23,33
A[T>G]G,81,45,43,31,67,22,13,31,56,30,45,87,92,47,82,93,140,61,106,69,89,94,92,48,80,73,44,58,61,6,105,124,74,93,90,61,109,111,84,82
A[T>G]T,64,34,455,16,79,23,14,34,98,19,17,38,44,55,59,28,76,39,68,81,47,68,79,38,45,44,15,39,71,13,42,100,33,65,44,33,79,46,28,80
C[C>A]A,163,178,79,96,237,29,32,117,141,99,51,223,367,364,211,366,530,168,204,435,285,219,163,142,297,251,224,273,290,42,310,462,159,230,234,163,354,414,121,173
C[C>A]C,119,135,88,88,139,15,19,131,336,121,20,283,262,166,200,315,412,106,190,412,301,267,137,181,298,276,338,141,511,24,180,336,131,373,314,135,397,466,172,142
C[C>A]G,26,51,31,15,40,12,11,25,31,6,29,28,19,31,32,54,53,18,37,44,50,64,33,22,34,43,32,37,37,4,29,46,20,29,32,33,44,68,32,62
C[C>A]T,83,192,46,62,137,11,28,67,190,43,46,166,74,161,106,250,351,108,212,204,323,145,125,212,164,219,188,154,182,13,239,342,134,136,130,166,261,283,183,127
C[C>G]A,149,221,30,98,202,84,102,105,248,75,49,164,218,124,148,125,398,140,198,389,333,262,146,153,310,144,217,321,160,51,232,268,173,498,130,100,170,284,236,228
C[C>G]C,151,107,42,62,81,27,48,63,185,61,32,251,138,160,165,132,400,121,147,111,207,228,136,125,252,98,124,175,278,28,161,222,252,135,185,146,255,169,136,67
C[C>G]G,26,21,15,13,12,11,15,27,37,7,8,20,8,31,21,38,40,19,25,46,16,19,48,16,24,29,24,28,24,13,23,21,26,18,14,12,24,35,19,24
C[C>G]T,189,148,42,136,194,73,68,153,462,130,73,201,253,271,196,254,557,151,200,261,237,313,171,211,296,115,219,123,166,69,133,551,355,245,236,137,396,225,218,181
C[C>T]A,198,174,124,131,170,61,97,131,288,178,137,240,263,130,222,232,389,208,278,287,345,250,319,170,395,304,320,218,389,113,158,324,188,146,159,208,406,299,169,227
C[C>T]C,253,167,88,78,145,76,73,103,331,67,73,257,301,237,225,210,365,251,196,179,250,243,193,91,310,261,245,245,317,50,403,250,108,308,155,277,329,245,186,296
C[C>T]G,268,102,162,175,183,189,128,361,192,140,185,242,107,184,170,241,103,102,129,141,141,120,169,255,230,113,199,149,143,154,156,214,111,139,343,144,127,176,193,248
C[C>T]T,250,217,111,106,228,71,48,177,292,103,106,419,362,293,330,272,237,204,380,444,326,250,281,174,288,216,227,234,533,98,292,348,154,418,261,244,231,281,201,356
C[T>A]A,34,74,20,27,44,14,18,21,79,48,33,69,87,79,90,70,178,75,90,104,78,58,57,54,101,71,115,52,190,16,61,264,78,85,58,97,151,120,69,75
C[T>A]C,51,92,85,97,96,26,17,53,126,103,24,164,210,220,190,148,569,111,229,234,224,201,179,128,137,125,206,188,260,22,193,232,175,190,225,92,226,267,146,109
C[T>A]G,96,78,41,52,110,15,33,58,111,59,22,110,97,96,188,104,332,161,141,138,231,151,170,78,162,287,65,113,213,14,87,318,174,165,79,61,141,188,116,91
C[T>A]T,91,97,118,50,68,28,15,49,104,31,29,189,116,100,63,72,233,115,136,217,199,121,120,123,108,96,123,69,216,14,180,215,143,90,130,77,168,225,99,63
C[T>C]A,91,86,123,30,94,35,43,46,240,46,113,92,105,127,157,125,185,76,179,151,181,179,119,105,148,64,115,81,107,45,84,145,174,69,103,107,115,192,111,113
C[T>C]C,171,125,105,61,134,36,40,91,229,38,45,160,199,147,102,235,390,141,223,192,198,251,89,186,135,154,140,100,168,30,171,277,143,147,180,130,237,315,177,145
C[T>C]G,239,118,119,34,154,50,82,141,211,56,127,197,152,100,176,161,306,149,223,176,106,245,179,117,120,108,132,98,147,79,148,350,104,93,195,93,198,176,233,90
C[T>C]T,234,98,238,50,152,48,27,98,254,51,41,99,312,234,213,167,278,193,221,182,281,214,183,105,207,126,194,236,149,50,136,638,186,203,90,214,331,202,102,213
C[T>G]A,41,30,36,26,25,8,10,20,30,21,22,31,43,30,37,67,52,38,75,40,64,48,60,13,37,43,49,50,66,6,37,98,35,32,45,54,93,56,27,54
C[T>G]C,46,52,326,38,54,22,12,56,80,19,19,86,80,73,90,101,141,69,162,107,61,96,102,33,94,114,50,84,110,13,96,163,105,88,41,63,70,117,43,113
C[T>G]G,92,85,75,68,64,13,13,63,119,19,34,49,133,54,188,99,209,79,104,122,177,78,128,55,118,63,51,85,197,18,113,233,54,113,35,94,137,106,60,149
C[T>G]T,49,72,3361,40,88,26,26,40,108,30,16,76,149,66,47,167,92,83,74,84,109,87,70,38,169,78,66,78,97,10,49,188,63,58,65,100,126,141,56,125
G[C>A]A,59,216,77,39,150,42,46,176,126,19,42,76,136,179,215,310,187,53,111,154,178,107,85,58,141,186,304,156,157,37,85,130,113,111,110,157,101,160,112,138
G[C>A]C,143,75,43,41,108,26,33,100,226,29,47,105,77,96,186,92,291,142,92,73,115,111,102,55,90,119,177,129,195,14,114,252,53,110,81,96,152,189,101,126
G[C>A]G,19,19,16,13,21,9,20,18,26,2,4,23,11,29,30,34,27,21,23,19,49,11,11,26,32,18,17,28,15,8,11,23,24,13,16,24,14,39,13,16
G[C>A]T,94,157,49,42,96,17,13,138,185,39,9,88,99,119,145,152,153,112,152,147,239,147,166,57,101,161,121,106,100,28,79,184,165,163,66,99,167,178,70,97
G[C>G]A,80,107,52,36,82,25,22,70,134,29,22,150,179,103,121,71,299,133,193,286,270,118,136,74,147,113,148,84,210,28,132,223,151,129,100,66,145,158,121,165
G[C>G]C,42,53,28,38,57,28,14,40,106,37,19,95,116,122,162,69,193,90,150,118,162,204,75,37,130,81,82,80,156,18,97,260,67,83,80,55,89,108,98,106
G[C>G]G,25,29,8,14,16,8,8,13,26,6,8,34,23,23,9,34,26,21,24,30,36,43,26,21,24,28,20,19,43,11,30,52,19,28,24,23,18,41,19,14
G[C>G]T,115,77,36,63,157,35,36,79,82,52,39,199,173,169,106,108,231,87,146,220,167,195,146,134,123,117,116,124,314,29,128,380,112,151,107,91,258,371,121,114
G[C>T]A,190,139,86,106,187,134,109,265,219,111,88,180,213,161,271,261,411,123,248,299,248,143,239,248,338,151,322,243,273,107,139,255,217,186,248,150,258,265,288,259
G[C>T]C,314,203,95,61,143,60,107,90,258,65,88,202,324,156,214,215,310,160,159,280,117,274,256,101,265,142,190,120,183,22,210,394,103,101,169,140,189,141,154,196
G[C>T]G,166,67,133,111,119,154,86,254,165,55,120,96,113,128,120,173,57,109,164,179,76,82,88,160,170,105,227,263,145,112,179,171,130,190,342,114,88,177,85,209
G[C>T]T,140,140,86,49,162,46,80,147,188,57,50,181,171,165,121,208,252,104,200,167,196,203,102,106,197,85,142,188,130,78,171,325,125,141,123,133,214,215,90,216
G[T>A]A,61,40,14,27,70,15,10,18,56,38,22,78,75,99,59,61,141,71,88,159,100,177,63,35,85,56,106,106,79,1,71,221,65,109,41,25,117,91,42,48
G[T>A]C,62,42,22,19,63,6,12,50,66,33,5,71,135,77,82,100,189,62,115,55,71,38,83,34,93,59,81,46,89,7,47,137,70,50,57,55,117,107,46,45
G[T>A]G,77,29,40,53,74,5,9,29,109,37,34,120,175,132,68,116,195,73,67,139,110,159,111,67,123,50,92,96,121,14,112,238,72,153,57,85,121,159,70,64
G[T>A]T,52,72,34,66,130,9,5,40,127,58,19,70,125,103,138,71,197,93,234,208,218,173,74,111,159,120,124,115,101,9,190,354,148,157,66,65,179,206,194,121
G[T>C]A,166,103,69,36,70,55,68,104,164,40,50,124,165,196,175,139,121,136,106,294,216,162,152,58,127,107,162,68,148,45,114,229,97,119,138,103,137,191,170,171
G[T>C]C,98,45,54,45,50,24,17,51,96,32,38,58,120,76,96,72,79,48,99,115,151,75,89,40,79,54,92,50,53,12,51,49,65,54,63,41,113,98,68,69
G[T>C]G,108,82,55,64,141,37,53,89,163,59,56,256,152,240,91,148,281,118,172,163,239,155,179,95,178,88,90,118,123,48,269,273,107,135,107,97,224,153,138,147
G[T>C]T,132,104,70,41,96,42,28,105,159,58,40,137,228,103,130,155,273,39,99,145,182,132,143,68,191,111,147,91,195,35,170,231,110,107,134,74,241,134,141,243
G[T>G]A,34,29,15,16,34,7,8,26,69,12,3,27,32,56,47,41,107,85,100,61,54,37,52,29,25,42,37,50,55,8,51,73,59,28,48,35,56,35,21,46
G[T>G]C,22,14,52,11,22,10,8,11,32,18,6,38,23,19,22,7,41,13,51,33,23,23,29,22,25,30,21,15,33,4,21,45,40,23,27,17,53,69,19,41
G[T>G]G,71,79,59,24,89,18,16,47,180,31,7,153,74,88,166,65,296,55,142,238,152,81,167,60,77,177,82,125,144,13,105,230,67,109,95,64,169,136,89,108
G[T>G]T,24,30,558,12,55,11,10,28,37,16,8,127,65,39,38,55,75,34,73,57,67,62,63,30,73,23,74,55,72,13,52,94,64,74,36,47,72,92,27,43
T[C>A]A,610,340,84,447,341,1076,440,319,227,44,306,125,214,334,303,507,197,102,1046,292,204,241,146,591,222,230,344,170,235,653,87,1046,869,466,627,246,125,582,1032,289
T[C>A]C,229,196,50,141,244,179,167,319,317,63,184,202,254,282,212,389,444,128,710,287,305,379,180,439,269,203,359,209,250,248,157,383,328,351,308,160,263,401,387,192
T[C>A]G,115,31,14,96,67,99,72,62,80,4,50,12,24,59,47,109,25,21,199,49,34,82,22,82,38,79,42,39,26,78,14,193,65,52,93,33,27,66,76,34
T[C>A]T,238,210,63,260,475,381,273,432,322,46,168,87,80,329,305,502,125,127,402,133,295,219,212,207,179,308,296,152,153,333,128,309,319,282,550,199,159,296,311,316
T[C>G]A,728,750,64,1443,796,2026,2548,935,727,40,856,116,399,1475,717,1667,189,84,2339,946,282,1107,214,4314,616,688,514,370,502,3189,140,2481,2294,1460,1548,488,209,1507,2314,1396
T[C>G]C,500,189,63,421,228,541,489,290,350,70,199,265,394,399,254,441,611,56,1247,371,154,363,112,609,355,369,233,208,264,314,206,1026,426,503,529,236,353,473,646,190
T[C>G]G,68,31,7,55,122,116,106,40,25,3,37,9,28,49,49,55,11,10,86,31,11,37,24,164,32,24,24,19,19,39,14,66,124,78,94,21,15,122,116,67
T[C>G]T,1796,882,122,1509,1228,6458,2779,1883,1425,91,1317,277,641,1784,900,1264,496,241,4678,829,349,1069,324,1987,1073,861,476,430,404,1754,385,4351,3027,1597,2393,500,265,2218,2128,1415
T[C>T]A,452,2684,1534,3908,851,343,3705,2616,535,6725,4984,3331,3263,111,1703,1068,214,3739,4319,480,1260,834,1944,464,15933,850,2826,2169,262,9163,1912,577,362,170,783,2467,3464,866,153,1543
T[C>T]C,227,771,496,1213,383,118,473,686,437,1122,790,575,700,163,464,350,280,662,1950,404,440,290,571,173,2097,494,672,616,318,1034,240,290,228,147,449,676,1008,432,179,328
T[C>T]G,124,287,259,388,154,161,346,455,96,273,675,428,336,86,221,211,44,338,688,261,187,103,275,134,582,128,431,259,128,764,166,175,113,116,238,347,306,192,101,315
T[C>T]T,189,1190,1783,2252,635,227,1245,2867,318,3166,2726,1155,1367,128,1030,569,319,2800,3384,599,660,428,1119,550,5771,1531,1191,1363,320,2485,1085,345,260,169,748,2191,1720,669,163,381
T[T>A]A,75,88,49,49,67,13,16,78,83,37,43,87,53,55,56,168,179,55,103,106,86,114,79,100,104,75,74,56,100,25,142,236,69,96,88,67,116,93,46,98
T[T>A]C,66,102,29,32,76,10,7,38,154,38,20,131,95,134,132,105,177,63,203,176,158,67,111,64,92,113,100,77,216,18,139,198,31,115,145,64,198,105,129,65
T[T>A]G,62,56,13,25,60,22,7,48,85,16,23,48,48,97,82,107,132,58,98,122,73,124,59,45,116,75,56,56,72,7,51,155,79,84,36,52,179,115,60,95
T[T>A]T,132,59,77,68,154,39,34,63,125,78,28,88,180,63,141,126,214,114,226,181,216,160,206,124,191,122,162,78,243,14,158,234,128,145,72,141,198,230,138,152
T[T>C]A,182,112,64,61,127,77,31,222,413,48,89,181,193,174,182,144,435,145,241,184,302,273,153,131,172,100,140,150,216,33,167,240,208,273,183,111,341,349,134,252
T[T>C]C,103,77,35,46,150,33,22,71,152,28,36,137,64,55,51,136,99,64,111,98,131,104,134,85,71,110,129,102,184,23,159,219,112,119,76,104,123,121,101,125
T[T>C]G,152,90,67,37,107,33,42,95,108,25,43,111,106,69,140,83,155,62,78,132,132,117,112,51,86,52,63,122,87,33,77,183,66,74,64,66,190,184,99,111
T[T>C]T,181,99,56,62,99,75,80,125,194,44,68,260,206,108,242,237,422,111,263,350,276,134,158,131,220,227,183,199,176,60,180,346,173,288,178,99,190,270,230,221
T[T>G]A,51,52,29,32,59,24,28,36,77,48,24,101,86,65,95,56,113,59,121,81,152,92,73,85,137,40,68,90,108,16,67,215,63,61,73,39,169,119,49,95
T[T>G]C,79,62,41,38,44,25,15,47,63,45,33,99,69,60,54,112,226,47,56,114,101,124,100,68,59,60,54,73,111,24,81,126,79,80,55,43,83,51,79,59
T[T>G]G,76,67,80,27,95,26,40,50,88,52,32,83,112,61,93,68,190,72,116,110,108,88,83,66,139,59,60,72,96,16,66,216,136,61,81,54,125,116,103,109
T[T>G]T,133,109,632,49,114,64,47,110,125,44,29,131,196,134,151,200,157,95,97,185,153,181,191,101,263,115,178,83,126,56,155,66,103,170,170,178,283,147,141,179
