Type,ColoRect-AdenoCA::POLE.S.100,ColoRect-AdenoCA::POLE.S.103,ColoRect-AdenoCA::POLE.S.105,ColoRect-AdenoCA::POLE.S.11,ColoRect-AdenoCA::POLE.S.12,ColoRect-AdenoCA::POLE.S.13,ColoRect-AdenoCA::POLE.S.15,ColoRect-AdenoCA::POLE.S.2,ColoRect-AdenoCA::POLE.S.22,ColoRect-AdenoCA::POLE.S.23,ColoRect-AdenoCA::POLE.S.24,ColoRect-AdenoCA::POLE.S.28,ColoRect-AdenoCA::POLE.S.29,ColoRect-AdenoCA::POLE.S.34,ColoRect-AdenoCA::POLE.S.35,ColoRect-AdenoCA::POLE.S.38,ColoRect-AdenoCA::POLE.S.4,ColoRect-AdenoCA::POLE.S.43,ColoRect-AdenoCA::POLE.S.46,ColoRect-AdenoCA::POLE.S.48,ColoRect-AdenoCA::POLE.S.50,ColoRect-AdenoCA::POLE.S.53,ColoRect-AdenoCA::POLE.S.56,ColoRect-AdenoCA::POLE.S.59,ColoRect-AdenoCA::POLE.S.60,ColoRect-AdenoCA::POLE.S.63,ColoRect-AdenoCA::POLE.S.7,ColoRect-AdenoCA::POLE.S.70,ColoRect-AdenoCA::POLE.S.72,ColoRect-AdenoCA::POLE.S.75,ColoRect-AdenoCA::POLE.S.77,ColoRect-AdenoCA::POLE.S.81,ColoRect-AdenoCA::POLE.S.84,ColoRect-AdenoCA::POLE.S.85,ColoRect-AdenoCA::POLE.S.87,ColoRect-AdenoCA::POLE.S.9,ColoRect-AdenoCA::POLE.S.93,ColoRect-AdenoCA::POLE.S.94,ColoRect-AdenoCA::POLE.S.96,ColoRect-AdenoCA::POLE.S.98
A[C>A]A,12247,4227,3192,9248,1859,8306,6405,5117,3918,2234,4807,7245,3930,2999,1860,5467,4000,3156,3091,11725,6588,6877,8199,6384,3669,1460,2735,5929,12502,4003,2582,3819,4826,2932,4607,3829,1787,6161,9533,3980
A[C>A]C,12660,5414,5918,11707,2938,4858,7400,6855,5138,3313,5507,8450,5969,3859,4403,6509,6433,8414,4207,6002,6075,7802,8335,3647,5976,3502,5019,7788,9186,3688,5724,9306,6237,5705,8694,5459,2408,9409,3925,4794
A[C>A]G,1855,802,507,1146,207,592,491,708,745,329,562,1608,454,393,476,888,876,580,327,829,1107,1129,2091,1112,701,177,599,1091,1268,600,397,634,684,732,745,851,277,1257,1936,624
A[C>A]T,10834,16646,10942,14011,7374,27507,39137,9490,10908,15524,25025,16177,6805,22596,9298,28169,10612,15052,32511,20722,8207,14429,18829,8562,11856,9859,21774,11798,31230,11712,14055,9321,11208,11513,18848,12004,9064,14036,11849,12525
A[C>G]A,4054,1766,327,11696,815,1190,643,4074,9321,291,1231,12620,1316,448,500,2905,2484,4866,547,5438,6218,3657,9216,31284,1056,429,2013,7342,7720,2662,684,4847,5394,2068,5300,1965,825,5140,67501,1771
A[C>G]C,2099,1353,377,3697,571,822,369,1852,4518,312,954,4219,1439,534,553,1870,1655,2104,642,2675,1416,1339,3224,8691,1005,152,1403,1949,1677,1123,368,2197,2052,1719,2398,672,618,4125,19366,1192
A[C>G]G,1301,231,8,1477,174,231,172,921,2223,17,172,971,294,82,50,329,627,928,102,508,699,669,684,5014,144,20,279,825,1015,376,80,362,730,587,965,222,82,1211,12162,328
A[C>G]T,3259,1377,125,3752,778,731,906,3861,6199,149,664,6428,1120,675,168,1783,4125,3285,567,3152,2258,3110,11104,29952,2030,285,1620,2850,4432,3464,627,4750,5042,2872,3274,1543,1125,5369,50593,1315
A[C>T]A,12047,4771,2558,18614,3724,6518,7954,29086,7747,2608,3907,26185,3396,3213,3192,11852,15056,13835,3708,17672,10632,26526,13227,9319,4598,2338,5636,7925,21630,7679,3093,12636,12371,6933,17607,9207,3224,30647,7705,9341
A[C>T]C,10353,6722,3628,23594,2505,6767,4013,8788,7281,4599,4362,9776,6991,2894,4930,7075,8429,7667,3002,11559,7630,15248,15035,6249,6918,3585,6815,9797,9566,5288,4350,9040,8855,6368,5985,8279,3970,11414,7707,6559
A[C>T]G,10152,18177,23333,8929,4978,16805,10158,12291,6445,21057,9345,8229,12671,14225,11119,20204,9299,12750,8145,14690,21205,33158,11949,13765,12135,5618,7811,17032,10609,8421,10259,9826,15771,6117,11077,10455,17772,16659,14625,12222
A[C>T]T,18607,15473,7799,24661,5512,7389,8858,8387,10437,6469,10173,12650,9786,8790,12202,10275,12915,12336,4574,13888,12684,19647,18935,12564,12265,5916,9616,15644,18779,12234,7232,13032,13061,9927,13085,10064,6859,18806,17359,10927
A[T>A]A,5040,2486,530,5950,945,929,650,3620,1681,481,1164,3510,1803,520,582,2826,2684,3005,593,4729,2345,3170,7270,2965,1260,1000,1308,4245,3942,1842,948,3951,4561,2264,2955,2290,1213,2385,5063,2114
A[T>A]C,4058,2186,1010,3923,497,1544,1149,3445,1742,466,1133,3105,1137,717,849,1569,2625,2478,726,4439,2915,3066,2416,1759,1551,632,1030,3576,4460,1630,971,2091,2883,2005,2058,1379,863,4123,2618,3946
A[T>A]G,6382,1954,221,4086,376,1278,468,2440,2970,266,877,2996,1334,755,450,3222,2252,3726,693,3912,2004,2843,6577,4518,843,265,765,3734,5042,1328,293,2415,1914,4829,4800,2588,799,3165,9149,1412
A[T>A]T,4418,11494,7847,11826,3680,13980,8035,6846,7428,6767,10727,9263,6509,9894,8209,13354,4036,7144,8505,9333,5949,5243,9534,7962,7496,5610,7961,6793,13557,6511,7176,6286,6504,7370,9608,4989,4443,7705,9590,6502
A[T>C]A,24155,11947,4329,46713,5192,8183,6293,18726,20760,2751,7162,21949,6995,4797,7930,10690,19549,21524,2694,30570,18186,14126,28022,50663,5835,5600,9370,21596,21765,12820,4921,13913,19950,20384,24199,5187,4945,28948,96588,6546
A[T>C]C,11273,4071,3388,13624,3484,6488,6369,7316,11720,2321,4619,8188,3804,4358,2354,7957,5223,7528,3304,7989,4846,11167,13128,44741,2661,3205,5127,8283,16409,5600,2107,4923,5229,6447,5131,4841,2859,12187,76389,4791
A[T>C]G,24081,9367,2315,18859,4940,8797,4690,19821,10929,1617,7077,33658,4314,2507,2010,9291,13256,12024,5563,23955,30522,18664,16802,18413,5331,2241,6782,15943,19857,10836,3102,12587,23049,16380,20505,7230,5471,20238,26987,11845
A[T>C]T,22366,13320,3426,32740,5868,11374,10041,19949,19857,2021,8764,22715,4109,5754,3516,9118,9150,19925,6796,19124,19512,10280,30162,71539,8837,3194,7496,14178,21491,6495,4752,21118,11127,7770,16658,6171,5720,21952,27647,8847
A[T>G]A,8369,6968,15512,5872,1705,10454,5795,6053,8596,4601,5134,3527,9495,4697,16698,7245,9391,5551,5364,7308,3779,12860,4851,29985,8487,1775,4414,6103,4202,2180,3297,5563,4012,5406,5426,9421,4537,8455,35285,3534
A[T>G]C,8992,16964,10869,5112,1988,12740,4180,7843,6042,11603,8676,3325,20201,5407,22209,10380,13199,7859,5234,10197,3322,17794,6064,17750,11413,3352,5984,5702,3485,1252,3878,13403,2644,8440,6189,19769,7629,8544,28303,3456
A[T>G]G,8879,8311,7778,5271,1473,4249,1896,5903,6775,9286,3213,4072,7821,6953,10820,3841,6434,4380,2965,9546,3816,12696,7035,12442,7073,1162,3494,6959,5488,2173,3461,9273,2440,4346,4641,7300,3954,6680,20479,4302
A[T>G]T,38685,66144,196477,18203,14959,52375,28170,43339,29203,74968,42890,18296,97784,66585,107031,79705,82005,31076,41063,41460,18170,66476,40973,38425,104739,20183,21115,36720,20358,7704,43618,25353,13276,46741,35590,88202,69912,80953,51257,45627
C[C>A]A,4228,6746,4422,4766,3095,7668,7884,7434,4436,2821,5862,7777,3644,4897,3778,9700,4285,6233,4146,10859,7892,5057,7000,6102,3311,2622,4569,3975,12270,2960,3449,5073,4097,3685,5699,5523,2552,9921,11308,3042
C[C>A]C,3118,1775,1565,2869,898,2276,1257,2884,2339,922,2148,3947,2395,561,1838,1784,1696,3855,961,3225,2508,3513,4390,2144,1929,1945,1617,4638,6765,2108,1539,2877,3373,2599,5682,2746,902,3816,1587,2595
C[C>A]G,1256,831,69,1269,444,528,227,1897,461,54,243,1207,331,240,133,771,1731,2006,201,1922,1418,1559,3022,1652,468,122,396,1947,3068,717,221,1241,1605,751,1540,557,194,2161,1812,809
C[C>A]T,9257,25273,14565,19563,14465,20193,35858,7999,19468,5387,21871,23989,13879,25606,8371,24454,7845,12224,15497,12264,19908,8039,14865,11807,12295,18052,11710,10351,31741,10243,17587,9234,10326,8818,25489,4696,8486,19248,12228,7770
C[C>G]A,3660,1402,98,4364,388,626,452,3354,1704,118,508,3466,1106,358,158,1579,1838,2626,351,4297,1866,2985,4737,3481,754,178,1086,2502,7776,734,424,1562,2240,1240,3872,1926,475,4556,861,1541
C[C>G]C,3798,1839,182,6232,968,612,470,4127,1228,132,963,4117,1214,467,311,2630,2990,3288,862,3414,3544,4072,6048,3284,582,292,1216,2906,4851,2041,341,2307,3544,2097,2035,1458,659,3916,1280,1263
C[C>G]G,1199,302,24,1734,240,358,121,1631,573,38,240,1298,436,80,83,451,1291,1257,111,758,463,670,1580,678,447,78,419,937,1582,289,126,572,904,1229,980,275,263,2514,1077,510
C[C>G]T,4910,1567,51,3842,490,598,495,3090,1619,72,648,10944,1600,770,211,1835,2747,2563,520,6722,2231,4312,7512,3175,2054,255,2464,2171,5013,1992,582,2601,2282,2301,1941,1864,339,3703,1751,1740
C[C>T]A,4750,4153,613,13209,1457,3257,2024,9068,5831,436,1660,16949,1849,1081,1031,3212,6096,13789,1861,9902,4875,7945,9479,4337,2487,722,1722,9876,18220,6246,1108,6624,4827,8963,6334,2356,1804,11087,8568,3078
C[C>T]C,13665,3408,362,17475,1977,1275,1382,11218,3785,288,1357,14295,2093,262,642,6846,5249,7366,1173,7053,6355,7229,8133,4911,1739,307,2527,8174,14296,6381,788,7652,5613,4574,6525,4820,1167,5401,5229,2589
C[C>T]G,14192,5834,7410,17158,3649,6625,2472,13801,5365,12563,4676,18168,6773,2279,5201,6476,12719,8557,2522,16338,14011,22112,18181,9581,5094,3166,5187,14618,11957,6419,7051,9553,12118,7525,13836,6331,4984,13564,6662,6830
C[C>T]T,15515,6091,5427,31709,2395,4259,2460,5334,9485,1151,3585,17703,5390,2360,3081,5502,10768,6675,2536,11772,2921,19149,18653,10934,5686,1097,4903,10824,13747,3517,3953,5421,15544,13550,5803,8247,4100,14164,13380,5361
C[T>A]A,1622,1169,231,2789,210,669,340,1962,868,138,494,2718,366,198,201,959,985,1928,411,2073,1813,1931,1967,1702,1076,155,641,1119,3705,872,161,1140,1154,2102,1306,807,304,2532,2269,590
C[T>A]C,4499,993,1982,3258,574,1047,648,4774,1686,793,1179,5492,2887,1145,1257,1234,1475,2155,818,3885,1306,4281,3367,2184,1882,254,1428,2111,5073,939,546,3080,2690,2541,2234,2126,1147,2767,2708,1413
C[T>A]G,3558,1332,694,7308,497,951,486,1166,1283,368,522,5050,994,702,1012,1601,1766,2030,501,3487,1953,4602,2254,2830,1511,298,943,1292,3368,681,577,1385,3779,2122,1937,2158,1245,4194,5194,928
C[T>A]T,1286,2435,1516,3605,870,1529,1247,2419,1737,806,1035,2714,2092,1474,1703,2103,1950,2522,819,3910,2221,3232,3315,3406,1253,552,1055,1483,2854,1165,1171,2184,1503,1816,1800,1670,1384,3101,7579,1629
C[T>C]A,8412,3798,1547,10625,1058,1894,1392,4522,10887,1115,1918,12372,3162,2317,1190,2951,5106,4679,1064,10127,4919,9376,14556,53495,3823,894,3500,5379,14937,3542,1761,5324,9347,2531,3973,4538,1551,10436,109155,5663
C[T>C]C,9263,3174,2422,5779,1213,2698,990,8448,8413,2411,1482,11008,2635,2190,2942,5038,4840,5446,1729,5079,5119,6234,6587,31195,5332,683,1990,3701,6831,1674,1833,4064,2754,3302,5348,3947,1992,6536,50368,1951
C[T>C]G,13612,7246,2624,16484,2323,4275,2951,13652,10941,1767,2139,16181,6544,3106,2649,9836,8439,11440,3999,7963,7296,12314,16019,9135,4955,1601,4737,14331,13898,4457,2403,12129,11502,7076,8195,7720,2235,12217,30788,5115
C[T>C]T,10797,4558,634,10008,1149,1889,563,6890,20624,603,1322,8999,3424,1005,733,3959,6037,8606,728,8114,2613,7198,8437,72719,2960,980,3090,5862,19840,4190,1257,2241,4560,2588,4966,2122,730,10073,67058,3827
C[T>G]A,7364,17386,22128,3373,708,7340,1617,3169,2963,7527,5171,2330,17203,12699,13834,5263,7616,4770,4614,5906,3647,21373,3867,7382,11141,2767,5416,3373,3016,682,3495,12765,2122,5852,4414,10436,9964,5588,6706,5274
C[T>G]C,15207,20352,37436,9877,1081,9808,2699,8391,5271,12003,4877,2441,31134,18415,24091,17139,14542,5108,8273,7652,6514,53381,5824,12470,22260,3803,8195,9528,3049,2455,5236,11959,2847,10140,9066,11676,23944,10064,6452,5635
C[T>G]G,12490,16269,13559,6443,1161,4961,2084,4698,4633,11359,5960,6196,18242,10212,21622,5812,14442,7632,4465,12912,4912,24658,7381,9735,21978,1480,6101,6947,3283,1586,5282,14282,3890,9429,4127,9093,6296,9087,7968,8914
C[T>G]T,43706,58257,108646,19855,5057,44352,10777,19409,19474,115403,22256,14895,75579,61821,97499,54189,63102,22341,49466,44102,22685,205328,20534,34345,155403,12527,25234,66845,12158,6082,21758,66512,10970,50480,31387,66586,63235,34144,15828,34350
G[C>A]A,5164,2426,1515,7548,1559,3246,3106,4582,4408,796,2332,6227,2130,2478,1558,2500,3283,2869,2692,6397,4801,5877,9597,3201,2048,1549,2809,4016,5883,2577,1591,4458,4509,3702,4708,2571,1050,6595,5040,3914
G[C>A]C,2305,3889,2674,4545,1040,2344,1790,3689,2051,1198,1959,8552,1986,836,2031,3382,4628,3727,1837,4299,3298,3534,5370,2765,2700,1732,2109,4619,8733,2333,2831,4493,4783,2931,4679,2769,1296,6909,2591,2576
G[C>A]G,1097,366,96,1754,242,167,199,1439,757,112,137,953,252,142,90,823,1020,1317,167,1687,650,807,2133,965,204,110,233,985,1656,382,165,581,1117,656,904,372,106,1432,1702,460
G[C>A]T,6032,20711,11657,10978,7240,6394,22881,6339,14844,6319,16651,9166,7151,11031,5058,8414,3530,6424,12088,15042,13795,4698,12290,6468,4550,7865,8952,8518,26342,7022,7902,6379,6983,8138,8751,2647,6584,12461,10842,9749
G[C>G]A,2736,1123,215,2338,450,337,367,1757,1348,246,232,5509,922,165,193,879,1873,2797,329,1540,1155,2533,1487,2457,894,146,549,1593,4923,810,495,954,1241,1362,1699,918,624,1745,3038,852
G[C>G]C,3693,1070,156,3453,543,529,409,2488,1976,132,452,4063,904,531,262,705,1532,2000,275,3328,2111,1814,3451,784,464,257,771,1114,2764,738,570,2026,2511,1377,1903,774,398,2625,1834,768
G[C>G]G,669,322,5,1114,165,168,127,529,329,20,118,1433,129,122,27,197,558,599,70,981,448,317,1033,608,239,22,187,840,911,281,52,423,873,313,554,363,78,728,573,436
G[C>G]T,4020,1143,90,3309,564,609,849,3587,2048,66,579,3487,819,439,282,956,4096,2602,209,3593,3358,1925,4460,2288,1014,181,786,2484,4689,1261,441,2875,4784,2747,2389,1420,387,3742,2852,1410
G[C>T]A,16391,6647,2738,13965,1095,3890,2269,7323,5672,3252,2186,7353,5428,3283,2242,4365,9823,6942,2467,6451,4807,13360,9461,4705,7855,956,3406,8596,12481,5291,2334,8893,10672,4759,5754,5924,2798,17524,4194,3901
G[C>T]C,20105,19182,12500,23907,11946,22410,28955,10862,20461,10367,33962,15519,18444,10590,13985,27406,13233,21940,18021,23607,13737,15873,28876,10267,10489,14446,24021,19955,25643,17528,22470,16432,18447,18500,19406,7578,11321,16155,14051,19491
G[C>T]G,14764,23591,19581,16212,17503,30191,22592,18054,14637,17099,26225,21739,18455,12421,11234,22666,12258,17032,12401,28549,24104,15462,26739,16028,8886,18497,22442,22041,24613,19279,16699,14724,19987,14708,20602,8913,15693,16724,17908,17910
G[C>T]T,15415,25866,18611,30253,14217,17893,20537,23782,18610,14005,24249,36621,17135,18809,11979,21899,16887,27044,17840,29339,24226,14418,29426,12603,12910,30607,23766,18621,28747,22658,20989,13124,18851,16648,19911,9523,5731,28496,15946,16566
G[T>A]A,2515,799,123,1545,337,349,368,927,751,84,196,946,644,358,224,917,1043,955,165,1130,1263,2240,2012,1755,552,111,385,1100,3072,1052,250,725,1841,1397,1783,822,194,3262,2363,487
G[T>A]C,1667,419,141,2362,296,441,233,1457,599,138,506,2311,488,162,219,370,889,1131,170,1452,790,1799,3641,1208,372,100,529,819,2153,740,407,1045,1349,861,946,664,206,1251,1742,624
G[T>A]G,2229,855,183,1928,608,526,384,2526,901,114,372,1885,585,395,273,1615,989,1794,256,1492,1708,2196,3613,2681,409,117,321,1573,5768,866,294,1965,1851,1125,1309,942,255,2833,2304,1085
G[T>A]T,1728,1330,843,2658,507,905,782,1244,1690,847,939,2612,1357,841,762,1332,2162,1662,923,1658,1043,2224,3026,2873,790,371,1166,1709,4239,640,771,1405,1455,1295,1652,1458,658,1834,2703,941
G[T>C]A,14741,7947,4582,12072,4079,7912,7456,6703,14327,3739,9571,9798,5300,4220,5353,9715,6188,9940,4745,8939,6887,6674,11367,32020,4953,6427,8345,7941,13580,7969,16561,11354,10110,8849,10564,4497,3573,15991,57832,8458
G[T>C]C,9037,9023,6185,7483,6843,10879,13392,10412,10574,4789,13201,11483,5984,7504,6594,9930,6216,8521,7955,11609,6846,7605,10723,25587,6127,10229,4994,6001,14382,6451,8838,6762,7563,3579,10255,4387,5424,8512,22072,6578
G[T>C]G,11286,2872,1214,9408,1669,1555,1659,4676,5338,823,1192,15820,3266,1143,1175,2378,8672,7930,874,8962,4132,5365,11246,9170,3023,1234,1806,4479,6620,3257,1809,4934,4441,3161,3631,5081,1466,14475,20466,2634
G[T>C]T,12876,9049,5760,17628,5445,10971,10164,8534,13699,7175,17009,12986,7751,6083,6463,9953,4568,13251,6640,20507,16590,7783,19228,46165,5636,8764,8294,9935,17926,10172,8108,8581,7508,11409,17938,8308,4048,11779,78501,7136
G[T>G]A,2429,1460,1099,1760,340,1145,784,1862,2577,1180,760,1172,1385,1386,1328,1871,1418,1450,702,1789,1136,2696,1910,16454,1614,664,1026,1745,1407,769,548,1650,2070,1304,1455,1515,1235,1846,14478,1231
G[T>G]C,2021,2817,2453,2614,1226,2902,2227,2109,2499,1265,1822,1881,2466,1714,3011,2513,1735,1732,1973,1934,2048,3255,2621,7206,2147,846,2043,1963,3108,921,1411,2103,1038,1528,2536,1897,1845,2602,7804,1319
G[T>G]G,4132,3978,5852,6176,566,2396,914,4210,3067,4035,2842,4557,3838,2092,4723,4475,2896,3880,1451,4607,2337,7056,2832,7061,3379,1686,1648,2819,3466,3728,2038,3680,2893,4009,2744,4137,1540,4965,16503,2007
G[T>G]T,8429,21261,23257,6429,2866,9443,6076,6874,6632,7073,8747,4986,18028,12123,11824,14532,11627,10561,14145,11016,5307,25846,7988,16516,22200,4448,9675,13565,7588,3232,7602,10427,4604,12682,7792,28645,12343,17436,39688,7130
T[C>A]A,24980,112953,65447,41065,73821,147918,151540,36127,37227,55268,111647,54641,85102,66329,35448,110747,30738,48600,64059,81093,68477,38865,91250,25462,69489,63521,60816,39907,217944,50942,111988,24072,32561,24286,60373,38187,36683,119584,58807,70344
T[C>A]C,9188,11467,5241,10908,14114,17843,7155,7755,8584,5018,21806,9245,8729,4931,10335,10420,5597,11046,16464,11052,7780,7464,11744,5859,4684,9021,8008,8084,16271,10990,7653,8001,8469,6644,13465,5035,4328,7069,10362,5879
T[C>A]G,2220,2545,1323,2799,1046,1617,1509,1396,1422,756,2006,2137,1000,1866,681,3029,889,1252,1921,1750,1867,1514,2102,1760,759,1491,1346,1454,2157,947,1399,1651,1609,1614,1974,1129,402,2000,2543,1440
T[C>A]T,115268,760065,245986,431372,843511,1073626,1307419,377167,549930,594223,622246,447298,379551,1020495,569835,1401216,272720,305467,805472,506149,502260,245743,402162,113614,549287,511502,542421,151940,733329,489435,303102,386222,460910,289992,507831,165358,494575,246930,413570,374275
T[C>G]A,3892,1813,305,6359,1186,937,608,3722,1662,146,440,5395,1026,1047,303,2338,3397,3585,410,4287,2776,3735,2191,2747,958,137,1168,3732,6383,1407,512,3922,3362,3098,3137,700,766,7072,2611,902
T[C>G]C,4913,1370,215,5012,880,961,574,4236,1602,162,420,6782,865,427,404,1244,2156,1873,562,5443,1750,4611,6753,2157,854,222,1867,2097,6737,1700,480,2373,3249,3316,2936,1628,723,4651,3542,2733
T[C>G]G,1006,198,31,364,111,111,97,983,475,64,105,763,247,142,47,441,883,641,164,764,494,511,932,1071,209,56,382,511,1061,415,74,519,816,280,586,307,199,757,934,424
T[C>G]T,9211,1525,388,6946,1056,2310,1187,5550,3460,246,1185,4440,1018,381,686,3450,6042,4850,525,7895,3765,6255,9100,5500,2234,337,1136,5168,5591,1564,880,3038,3774,2938,3754,2326,863,9112,4628,1703
T[C>T]A,9776,4363,8540,14279,3009,6621,2357,12752,5784,3455,2656,11274,7360,4641,6942,11380,13124,8164,3004,17769,6525,14377,12686,7333,6282,3124,4695,8766,17328,7446,3537,8048,5829,6714,9163,9621,3656,11048,8641,5944
T[C>T]C,34998,18095,18944,38522,7336,19761,15707,21310,13257,11725,18860,20671,18750,8983,20366,17498,24604,26580,9218,21328,18278,15327,18533,12889,16236,21781,20604,25817,24818,18067,23454,26115,19730,33642,28204,11191,5319,11862,8906,14708
T[C>T]G,256162,89132,201713,104692,63080,75415,37232,71336,79067,103961,103839,67132,80813,14209,111395,112936,78860,98889,33963,40978,61855,62022,95910,29654,118708,109654,28874,116237,67336,213482,235768,121323,68427,105856,107367,63289,22440,15673,72187,82369
T[C>T]T,84241,50015,62038,45397,36256,51282,29734,31027,35646,45263,91909,36409,51068,17999,57241,64427,26304,40058,35204,52329,54613,39395,50423,29733,35956,61093,61274,53578,70497,48661,49456,80237,35655,64966,75805,27263,21735,46575,41922,36691
T[T>A]A,5138,3606,2971,6150,1822,4786,3911,3590,2727,1467,3438,5697,2414,1999,2249,5294,3928,5444,2142,7026,3885,4103,6396,5277,1874,3028,3934,3354,6120,4059,4233,3442,4891,4217,4573,1856,2781,5341,5562,3790
T[T>A]C,3699,1627,1296,3539,721,1556,992,2074,2033,777,1300,2990,2313,1879,1671,2344,3083,2450,1241,4798,2056,4035,2673,1600,1583,623,1456,2833,4312,1148,1086,2131,1736,2175,1929,1852,931,3187,2792,1627
T[T>A]G,2137,1791,920,2738,1099,1436,2585,3017,1998,556,1303,3680,1015,790,836,3577,2684,2604,694,1942,2695,3051,3023,2489,917,1074,1159,1914,4508,882,1048,1304,2146,1924,2375,1433,936,3447,1902,2152
T[T>A]T,9191,11514,10866,10178,4580,14431,9439,7233,7423,6258,11623,13357,9603,14651,6959,7464,8765,8553,8424,9364,7134,12322,9047,9176,9551,5662,5203,9105,9438,3646,6240,10161,6074,6479,10170,10815,6408,11455,6059,5769
T[T>C]A,16725,8478,3072,10900,3839,7234,3823,6933,15221,2563,5130,19214,4905,2421,5963,6617,8870,9878,2956,10287,9118,7248,12959,48383,4443,3896,5191,9666,20200,7705,7441,9449,5065,7243,12106,5318,3142,5330,96303,5974
T[T>C]C,7511,8497,6454,13322,4628,15697,8167,4878,9044,6184,5020,9022,5989,6493,5056,7137,5670,8333,5682,10118,6450,10703,11161,37111,6979,4523,4857,7395,9731,7747,6590,4541,7205,4847,7628,4584,3782,7571,99533,3739
T[T>C]G,9000,3721,2003,7429,1060,3038,1882,6681,4906,1265,2069,6208,2641,1871,2252,3277,3846,7815,1260,8685,5230,6289,8584,19118,2947,1045,2824,2511,9735,3781,1122,4736,5359,2654,5092,4579,1835,6779,26236,3623
T[T>C]T,10256,8561,4297,18363,2761,7675,7544,11653,15601,4237,7490,8178,4250,3606,5654,11593,4817,11889,4005,10952,10694,9224,21160,68721,8730,3591,4845,11169,10415,4746,2821,7343,8339,6469,9043,6186,4548,14964,125502,4806
T[T>G]A,19158,43614,41881,14864,5768,26460,15065,9621,19204,35322,13348,9156,15666,17254,71578,16403,26417,14917,18387,13611,10508,51284,14379,36150,23224,9862,12732,20655,8282,6683,19584,23779,10935,23663,12414,49179,27535,16606,30046,13707
T[T>G]C,18834,25683,22146,9060,3269,21167,4739,12721,10100,28511,5154,8506,29284,13411,40915,15631,17056,12945,10089,16855,13433,22810,15746,34365,47451,8005,9549,11762,9994,5218,9412,26032,7895,18902,9936,33331,10694,16743,25664,14578
T[T>G]G,9630,12624,13470,4112,2003,5904,2565,8500,7854,8000,4350,4038,16962,7244,18997,8908,13753,7195,3994,6828,4103,13820,7254,31263,9291,1983,5393,4976,4981,4023,3963,9733,3489,6646,11540,14416,8504,6680,47028,3983
T[T>G]T,226424,371143,509209,69312,43647,265506,86476,133717,97625,224271,139871,81792,471629,290282,884520,410221,598332,105725,153531,231892,123582,784379,95732,168417,595240,119590,153354,259863,68753,69942,264169,179915,49206,291600,126089,844423,216997,249680,68149,132946
