Type,Eso-AdenoCA::S.127,Eso-AdenoCA::S.131,Eso-AdenoCA::S.134,Eso-AdenoCA::S.144,Eso-AdenoCA::S.148,Eso-AdenoCA::S.162,Eso-AdenoCA::S.18,Eso-AdenoCA::S.187,Eso-AdenoCA::S.199,Eso-AdenoCA::S.206,Eso-AdenoCA::S.213,Eso-AdenoCA::S.217,Eso-AdenoCA::S.219,Eso-AdenoCA::S.263,Eso-AdenoCA::S.273,Eso-AdenoCA::S.28,Eso-AdenoCA::S.309,Eso-AdenoCA::S.310,Eso-AdenoCA::S.317,Eso-AdenoCA::S.339,Eso-AdenoCA::S.403,Eso-AdenoCA::S.454,Eso-AdenoCA::S.473,Eso-AdenoCA::S.509,Eso-AdenoCA::S.52,Eso-AdenoCA::S.55,Eso-AdenoCA::S.561,Eso-AdenoCA::S.623,Eso-AdenoCA::S.650,Eso-AdenoCA::S.657,Eso-AdenoCA::S.668,Eso-AdenoCA::S.671,Eso-AdenoCA::S.683,Eso-AdenoCA::S.69,Eso-AdenoCA::S.692,Eso-AdenoCA::S.733,Eso-AdenoCA::S.764,Eso-AdenoCA::S.790,Eso-AdenoCA::S.795,Eso-AdenoCA::S.81
A[C>A]A,596,102,377,646,1091,373,389,680,153,716,527,159,563,1158,193,471,175,584,826,1116,1054,675,259,166,182,326,548,829,1265,281,409,510,560,623,93,227,350,477,1176,272
A[C>A]C,499,51,242,425,804,310,198,490,69,192,317,123,579,515,144,253,218,395,415,616,473,581,194,104,123,210,582,316,570,124,173,366,564,516,37,143,115,294,757,233
A[C>A]G,55,14,41,71,105,63,31,74,32,74,68,36,50,48,30,32,56,66,120,114,74,107,42,33,17,30,106,86,130,18,32,52,63,106,7,45,22,40,121,42
A[C>A]T,250,35,358,403,483,246,246,408,96,321,368,86,231,525,149,268,84,364,467,511,287,266,169,109,104,163,625,271,569,129,213,376,220,299,66,137,128,297,547,271
A[C>G]A,287,29,155,277,782,389,131,477,100,262,598,121,254,554,188,118,174,264,263,236,690,386,345,86,96,139,454,296,593,80,250,323,268,654,47,161,174,383,418,246
A[C>G]C,182,39,124,307,512,225,72,211,60,138,294,57,173,303,121,140,157,237,236,323,174,318,83,78,120,94,466,221,485,70,128,208,262,467,17,154,77,134,313,155
A[C>G]G,30,10,25,62,133,34,29,34,19,54,38,33,33,110,24,34,44,35,68,85,35,76,31,28,41,25,62,41,89,21,28,53,42,40,5,21,39,55,53,31
A[C>G]T,380,39,225,382,649,311,245,448,80,211,545,93,273,317,250,263,81,612,409,585,380,584,114,122,217,191,725,346,727,78,153,377,286,474,31,143,143,212,578,214
A[C>T]A,618,204,566,1382,2163,479,580,857,320,889,850,562,863,1415,556,402,715,941,432,911,830,1029,690,405,330,632,888,698,1134,260,338,840,362,1227,133,335,424,601,1558,324
A[C>T]C,356,108,263,457,667,343,258,453,121,470,465,275,408,764,232,160,567,315,501,635,520,1127,359,173,230,201,627,690,908,194,343,432,475,733,34,287,372,305,761,311
A[C>T]G,2534,318,598,926,1435,294,335,243,1271,1055,737,903,1221,613,1304,274,1218,511,798,362,405,828,903,597,445,635,640,488,527,1082,621,555,729,651,644,465,1176,407,1020,243
A[C>T]T,393,100,264,563,1272,492,286,497,131,661,636,266,766,523,197,359,254,462,429,594,881,859,590,114,213,309,558,863,737,159,299,599,379,1037,31,247,398,740,611,382
A[T>A]A,196,26,106,224,496,128,104,199,60,192,312,73,235,397,122,130,109,234,298,174,218,388,211,51,145,96,204,180,262,63,235,139,162,297,13,156,97,115,274,77
A[T>A]C,209,72,124,221,418,165,127,231,49,127,218,100,165,310,137,132,136,159,141,215,198,370,226,81,122,199,154,144,352,81,76,227,137,280,34,122,202,165,344,111
A[T>A]G,213,38,230,244,629,134,165,302,62,167,346,178,166,445,146,115,120,213,271,230,277,263,163,46,171,129,322,533,425,24,246,145,334,284,11,173,115,266,224,53
A[T>A]T,163,61,206,340,331,262,141,273,103,189,278,124,136,446,74,244,109,179,444,335,257,308,217,106,98,107,264,335,334,91,129,251,233,198,45,143,113,279,434,244
A[T>C]A,491,147,441,742,4550,718,661,696,383,551,781,389,1165,1431,807,529,588,1289,596,981,1149,1499,1074,305,782,685,823,1355,1757,219,459,820,542,1470,23,653,1565,1448,963,274
A[T>C]C,225,144,181,374,1215,298,204,276,98,365,439,154,368,489,357,215,384,415,324,403,379,317,412,146,257,268,439,682,699,593,568,317,287,410,78,456,272,490,574,112
A[T>C]G,221,138,462,678,2406,364,396,738,214,667,1338,306,879,1623,425,293,468,889,593,491,1026,1579,663,270,507,592,644,566,942,193,564,778,320,1541,11,357,848,823,826,235
A[T>C]T,506,232,596,1261,3719,508,405,675,237,616,1296,336,700,1312,681,500,725,685,758,646,676,1115,678,434,307,491,1032,1112,1445,411,780,741,458,1266,74,522,811,839,1255,298
A[T>G]A,139,84,148,182,276,233,134,169,160,111,184,64,129,307,88,164,118,152,177,204,202,158,109,130,135,111,224,122,201,67,73,187,158,191,74,80,148,146,401,170
A[T>G]C,300,142,128,142,181,255,236,151,277,200,279,184,195,161,140,207,334,266,358,238,304,119,347,308,277,278,258,171,317,91,159,222,262,156,158,126,215,298,292,270
A[T>G]G,148,83,170,268,828,258,153,235,115,211,218,121,235,280,157,177,132,177,209,295,411,370,249,168,120,152,353,211,307,103,141,314,217,435,42,141,189,222,345,147
A[T>G]T,3229,2043,2058,1320,571,1692,3380,1347,2608,1796,2011,2014,1933,1086,2610,2737,4162,1863,3834,2605,1541,995,4823,3585,1796,1924,988,1647,3767,850,1279,3769,1324,459,1393,1341,1098,3240,973,3054
C[C>A]A,572,34,784,482,507,333,303,715,223,769,410,196,345,355,97,238,175,323,346,1214,428,631,109,93,116,244,1154,464,894,170,284,535,785,656,96,218,123,248,1027,378
C[C>A]C,531,37,424,588,505,335,220,423,91,344,733,110,232,614,102,251,98,316,347,346,306,431,109,93,151,173,985,331,812,83,210,369,288,960,35,177,120,271,301,366
C[C>A]G,42,13,150,91,92,66,38,69,30,90,136,64,86,59,29,62,65,115,113,123,71,111,79,29,60,59,224,218,110,15,70,103,83,112,16,40,56,63,187,23
C[C>A]T,252,24,455,618,596,270,127,502,69,439,411,139,394,498,63,145,163,220,266,952,476,266,138,127,29,141,719,239,560,62,231,513,356,803,51,133,95,276,639,160
C[C>G]A,361,49,254,311,616,332,147,580,59,107,460,60,197,357,123,104,223,282,212,313,337,309,166,70,127,103,560,189,635,72,110,144,249,789,56,169,49,175,354,112
C[C>G]C,201,40,238,213,403,333,97,352,77,188,333,95,330,376,132,136,137,427,185,173,502,309,229,148,184,151,447,316,561,61,149,277,345,572,15,158,135,289,427,133
C[C>G]G,25,7,27,50,186,41,32,59,22,77,82,36,90,59,23,32,41,70,49,117,68,146,125,24,22,23,87,100,91,27,82,38,44,159,11,28,33,45,171,28
C[C>G]T,480,63,237,453,805,316,222,561,144,281,480,163,227,538,85,204,213,221,432,559,376,334,165,168,134,315,455,192,708,32,254,475,411,956,63,137,146,292,526,258
C[C>T]A,435,103,474,511,1113,504,197,538,215,642,605,268,652,817,323,401,294,698,803,928,524,687,645,292,246,341,918,568,589,147,349,439,597,1129,78,272,287,481,831,238
C[C>T]C,387,114,243,823,1287,413,264,814,187,267,842,260,478,765,265,373,335,643,389,613,833,621,213,198,241,321,592,263,1039,188,589,558,571,1223,48,346,430,371,756,310
C[C>T]G,2035,201,792,1140,860,462,397,335,613,707,712,711,783,428,1008,313,633,934,504,368,697,1081,1189,464,516,647,612,391,562,508,872,352,564,728,311,457,662,691,1131,156
C[C>T]T,383,164,407,904,1982,540,278,561,176,400,643,305,843,1064,405,296,340,504,876,534,695,1097,230,291,468,403,883,721,1301,318,698,776,617,1039,41,407,719,624,1242,434
C[T>A]A,78,14,79,126,185,131,85,82,14,60,162,34,108,111,41,17,73,96,26,93,96,143,94,30,77,80,253,122,229,19,83,37,146,278,7,73,34,99,97,20
C[T>A]C,388,718,279,906,626,587,444,668,143,439,777,142,182,407,591,245,592,480,396,395,490,322,240,287,143,367,729,1173,810,1304,1630,386,438,480,423,660,131,681,361,315
C[T>A]G,220,355,153,301,621,313,231,286,53,165,432,101,140,142,143,127,305,266,204,193,240,241,128,43,49,206,328,375,611,383,336,135,311,338,132,373,61,188,175,126
C[T>A]T,629,1503,545,1062,1120,799,623,834,332,709,1070,363,541,602,775,560,1751,621,657,527,467,295,631,497,309,856,782,1121,1043,2845,2609,733,560,231,962,947,487,1308,262,516
C[T>C]A,207,193,168,426,653,299,284,295,112,219,487,174,422,504,234,213,264,476,391,414,441,384,310,157,137,287,544,483,643,564,456,295,324,411,158,336,322,409,300,151
C[T>C]C,840,2079,644,3455,2641,1460,1156,1789,485,1362,1612,420,787,989,2004,833,3215,1615,1075,990,1063,671,602,385,333,1481,910,1881,1893,8339,6951,973,1011,829,1788,3746,486,3298,662,1001
C[T>C]G,460,1474,457,1678,1739,1043,783,1084,309,888,1542,525,1070,897,1936,355,1398,1085,851,925,1201,1016,489,335,448,1072,1078,1130,1405,4222,2753,793,667,902,437,2235,617,957,505,421
C[T>C]T,1681,5593,1106,7831,7532,4145,3979,2979,1455,2919,5000,1447,1194,2278,3109,1617,5606,3355,3523,2439,2254,1230,1117,1636,961,2858,3380,7398,3953,21715,5837,1377,1949,1369,6188,10307,1328,4164,1037,2316
C[T>G]A,135,38,112,111,148,155,72,152,107,155,168,81,94,110,64,101,162,133,200,157,134,156,159,130,51,90,219,85,192,37,80,169,166,129,86,68,96,162,160,163
C[T>G]C,1449,648,1213,422,341,1476,831,619,1869,882,1549,612,1040,505,1199,1219,1957,584,1746,1153,465,556,2150,1617,695,1344,394,1355,1017,442,514,2110,1151,376,1421,706,1301,1076,615,985
C[T>G]G,589,594,619,451,448,593,687,351,698,430,883,448,403,415,397,591,680,271,791,476,486,404,460,540,945,463,470,439,790,112,142,772,550,543,459,380,669,535,452,363
C[T>G]T,36815,22158,21452,7588,694,26846,29711,8315,32631,13946,13091,22207,14204,3661,20258,17208,31840,9728,17984,7280,10426,9637,30158,29253,36585,17578,2782,10715,13866,5241,5840,18152,19980,3069,22007,12454,22397,20217,9247,19085
G[C>A]A,281,90,499,982,701,243,726,437,158,835,619,256,317,595,139,245,159,459,696,995,723,446,388,174,225,270,987,613,562,115,492,582,359,446,285,213,229,460,866,264
G[C>A]C,157,51,233,357,636,323,138,323,40,271,225,118,351,337,128,102,105,258,325,376,202,281,87,92,134,214,449,368,609,145,199,235,181,380,24,176,161,180,419,101
G[C>A]G,48,10,71,120,201,40,46,109,30,102,91,57,73,152,13,34,52,117,62,157,117,70,31,35,38,48,93,58,95,17,38,71,44,59,15,32,78,49,145,49
G[C>A]T,250,24,515,633,483,249,323,242,111,498,258,188,304,353,78,333,117,308,489,859,193,392,149,118,129,179,1078,545,478,93,216,460,155,474,120,95,215,182,797,196
G[C>G]A,122,23,143,205,309,185,109,214,41,108,228,31,113,247,56,70,98,132,118,128,96,164,112,64,79,171,317,146,454,73,59,122,209,532,19,81,113,116,269,105
G[C>G]C,177,20,89,155,456,154,77,223,43,75,249,29,134,200,64,63,117,118,140,162,175,158,110,76,90,91,284,133,359,70,135,144,270,239,15,91,136,125,251,146
G[C>G]G,49,1,34,47,153,43,18,58,3,33,110,12,54,82,21,13,24,37,16,24,39,68,44,8,21,32,64,50,92,8,23,36,76,94,4,36,21,43,71,12
G[C>G]T,206,31,141,238,533,260,90,317,65,87,388,56,230,346,89,105,88,192,158,260,164,438,213,70,87,121,514,212,630,73,107,210,424,653,31,134,122,169,187,98
G[C>T]A,329,81,345,518,1249,380,287,502,80,339,773,164,373,859,373,385,397,478,565,549,647,421,469,183,414,288,553,633,850,198,317,548,372,1034,48,374,343,407,761,194
G[C>T]C,327,150,354,838,1669,415,298,365,145,461,747,317,283,863,289,182,345,549,320,461,808,900,329,170,296,298,736,613,787,116,594,478,344,1017,11,208,226,266,387,207
G[C>T]G,1604,208,862,1113,1244,287,232,232,587,595,1178,799,892,602,525,303,481,566,389,417,603,1100,860,379,478,545,636,725,460,743,673,329,521,655,178,575,652,1391,1142,170
G[C>T]T,313,46,220,462,744,236,239,284,135,386,347,342,688,831,337,186,455,484,490,348,578,800,261,173,225,258,501,633,867,57,457,352,224,667,15,297,200,461,803,194
G[T>A]A,77,20,76,169,221,116,46,136,20,83,128,64,138,124,45,45,65,45,58,100,104,183,155,40,88,76,234,79,214,20,50,85,150,259,8,29,72,84,129,44
G[T>A]C,195,103,69,149,133,189,83,133,49,98,226,38,87,168,75,80,101,127,108,183,147,131,43,32,71,77,245,126,357,91,208,118,82,219,54,90,109,120,209,89
G[T>A]G,146,30,145,203,181,269,76,207,40,94,250,69,109,253,73,97,104,221,174,149,159,154,95,55,68,100,256,176,397,53,53,98,218,332,15,105,73,123,253,51
G[T>A]T,195,109,222,215,287,273,141,317,94,153,263,135,175,242,92,137,221,151,282,217,154,174,146,120,80,130,350,235,293,155,240,225,268,352,80,223,99,202,215,183
G[T>C]A,177,29,211,177,1616,211,169,362,159,154,404,134,202,464,133,171,228,299,185,241,217,617,139,111,214,185,414,511,379,35,307,160,215,523,3,232,255,258,442,87
G[T>C]C,270,295,209,396,710,363,238,267,136,267,556,193,306,541,397,257,279,278,275,286,214,224,136,180,137,221,190,378,419,302,605,241,252,223,229,300,312,249,369,171
G[T>C]G,214,170,278,328,858,295,191,257,96,216,666,130,271,305,318,125,408,389,282,492,347,573,334,226,234,367,421,494,521,182,230,333,358,739,56,224,446,343,667,95
G[T>C]T,212,132,192,379,757,377,342,410,169,372,436,113,323,605,415,207,338,430,253,342,321,458,297,160,263,359,418,346,532,176,281,307,335,506,91,242,354,367,449,198
G[T>G]A,74,29,80,80,186,73,35,97,29,73,81,48,89,101,45,76,82,102,68,78,95,164,47,24,55,51,136,53,142,46,83,136,134,196,19,58,104,79,145,32
G[T>G]C,350,219,187,113,85,369,314,190,279,232,345,333,178,225,268,292,349,156,363,146,154,178,484,304,233,206,106,213,220,105,101,243,202,112,266,157,175,255,180,183
G[T>G]G,257,65,209,313,292,298,121,256,100,179,336,135,232,185,147,156,154,241,206,224,200,255,196,142,197,191,381,169,382,67,106,221,268,221,74,171,108,133,288,127
G[T>G]T,2679,3168,6273,3208,281,3177,4033,1365,2395,2747,5354,3573,2070,1215,3960,6568,4542,2273,3261,1464,1592,921,5905,7230,4233,2973,951,3175,3939,1503,1168,5621,3870,479,4674,2249,3439,4800,2392,4295
T[C>A]A,525,20,385,813,760,297,211,1021,112,624,550,270,379,858,177,605,291,344,613,987,792,363,249,202,123,168,1640,657,639,102,371,729,407,383,490,84,142,272,1223,464
T[C>A]C,394,15,500,643,826,288,237,673,157,666,474,188,471,638,135,285,191,367,526,531,260,346,189,203,172,267,1045,601,611,109,347,832,370,982,184,179,247,349,940,186
T[C>A]G,42,8,74,141,183,34,62,119,29,91,72,55,106,106,15,41,86,36,63,147,113,129,77,22,60,46,209,78,132,49,65,118,49,52,122,25,35,64,203,58
T[C>A]T,334,119,1411,919,947,471,575,625,225,888,699,392,887,690,229,585,458,656,954,1157,518,625,433,381,197,323,1306,710,751,192,525,1096,401,602,481,200,461,480,1957,532
T[C>G]A,253,64,211,414,780,265,172,1186,74,189,441,111,1220,478,195,187,850,373,153,403,312,295,128,139,97,103,563,349,544,396,213,634,407,389,1587,224,247,222,642,165
T[C>G]C,371,27,272,383,492,331,143,656,100,374,436,49,378,391,90,160,288,504,347,443,179,351,135,97,99,151,628,313,704,141,95,478,609,585,251,171,167,222,520,223
T[C>G]G,18,9,17,71,75,28,20,81,22,47,38,36,104,65,20,21,45,71,56,80,79,65,30,23,34,18,55,64,52,39,37,74,36,39,63,21,16,39,90,26
T[C>G]T,488,64,411,591,978,413,215,1614,247,518,483,153,1406,723,210,291,1157,348,737,629,572,700,325,321,538,332,997,338,995,254,161,1116,634,1016,1897,265,187,398,780,210
T[C>T]A,276,973,221,1607,2430,1152,285,607,999,405,1768,166,318,594,1784,333,502,1602,475,1071,739,1008,282,285,320,413,565,1089,709,322,291,1746,439,598,822,377,259,760,788,373
T[C>T]C,445,188,376,893,2130,661,275,596,350,628,1188,445,922,1050,376,325,319,752,944,668,932,1085,304,316,273,339,623,599,833,205,417,745,539,1054,173,360,920,565,1101,405
T[C>T]G,713,297,468,476,1188,409,254,205,478,650,615,460,828,414,494,210,538,354,287,419,509,1372,968,177,425,422,535,535,383,334,491,366,305,750,277,432,354,579,1079,71
T[C>T]T,522,349,260,2020,2191,1113,216,525,930,520,1051,253,605,998,1180,456,462,1320,454,551,557,871,537,261,329,463,410,723,520,163,394,1482,347,893,512,202,225,839,918,226
T[T>A]A,193,60,263,298,491,189,134,303,175,236,326,138,231,401,177,173,164,249,286,285,261,178,158,144,97,148,229,225,386,58,130,249,175,281,89,114,106,179,460,128
T[T>A]C,240,106,108,403,194,188,116,330,46,183,215,73,135,337,165,218,126,363,327,340,180,296,109,66,88,108,267,211,401,268,188,391,274,262,44,249,98,266,330,372
T[T>A]G,164,45,87,131,332,155,77,217,29,136,177,72,132,213,85,107,151,156,228,205,109,176,144,47,54,118,136,169,325,82,137,168,132,280,25,75,117,108,152,59
T[T>A]T,427,136,228,341,418,415,210,632,240,366,431,187,240,737,145,380,265,399,466,460,583,342,285,227,168,162,608,515,656,245,231,539,435,638,106,183,188,404,618,524
T[T>C]A,403,154,298,428,969,253,193,296,192,296,511,277,452,418,410,133,366,378,469,579,487,583,480,167,422,267,442,356,842,156,380,370,486,896,51,240,327,397,654,221
T[T>C]C,252,348,234,545,1060,295,284,370,122,268,301,142,332,391,394,226,380,347,304,368,317,475,263,179,145,191,493,416,464,496,638,434,336,401,197,404,245,319,395,175
T[T>C]G,157,104,194,368,1018,236,318,290,187,318,294,333,254,421,160,206,266,339,196,286,448,444,195,121,338,197,503,532,495,99,334,302,199,583,74,272,435,256,405,141
T[T>C]T,315,253,278,1128,1234,691,478,659,217,242,709,211,537,512,635,274,432,453,291,560,633,846,448,223,186,505,645,613,928,1117,610,466,254,450,177,499,368,597,698,350
T[T>G]A,170,11,106,264,353,158,67,226,44,127,282,110,139,391,42,108,136,309,251,252,244,382,139,45,58,70,306,134,343,48,53,163,217,385,4,85,85,88,187,396
T[T>G]C,289,516,533,417,412,508,349,268,535,375,537,435,519,519,342,502,668,410,658,462,382,330,584,500,368,300,358,552,478,157,260,401,481,380,195,225,451,385,509,511
T[T>G]G,351,191,310,189,611,357,244,369,332,203,334,241,284,342,183,441,565,298,313,315,251,261,483,268,246,302,404,241,441,208,167,493,301,406,160,179,420,379,440,277
T[T>G]T,3869,6667,4661,2542,1492,4647,6633,3189,5058,4207,4143,8122,3434,2431,3893,5685,8170,2617,3978,3522,2006,1663,7593,5428,4618,4672,1818,1990,6910,1823,1574,7215,2647,1112,3792,2127,2766,5351,3187,6718
