Type,Kidney-RCC::MSI-H.S.1,Kidney-RCC::MSI-H.S.2,Kidney-RCC::MSI-H.S.3,Kidney-RCC::MSI-H.S.4,Kidney-RCC::MSI-H.S.5,Kidney-RCC::S.120,Kidney-RCC::S.128,Kidney-RCC::S.157,Kidney-RCC::S.173,Kidney-RCC::S.196,Kidney-RCC::S.208,Kidney-RCC::S.251,Kidney-RCC::S.277,Kidney-RCC::S.280,Kidney-RCC::S.324,Kidney-RCC::S.33,Kidney-RCC::S.358,Kidney-RCC::S.413,Kidney-RCC::S.452,Kidney-RCC::S.455,Kidney-RCC::S.478,Kidney-RCC::S.491,Kidney-RCC::S.537,Kidney-RCC::S.553,Kidney-RCC::S.564,Kidney-RCC::S.570,Kidney-RCC::S.581,Kidney-RCC::S.59,Kidney-RCC::S.603,Kidney-RCC::S.616,Kidney-RCC::S.647,Kidney-RCC::S.674,Kidney-RCC::S.676,Kidney-RCC::S.679,Kidney-RCC::S.691,Kidney-RCC::S.704,Kidney-RCC::S.718,Kidney-RCC::S.754,Kidney-RCC::S.787,Kidney-RCC::S.79
A[C>A]A,194,132,245,255,125,151,194,212,149,158,207,132,275,78,130,130,197,96,142,190,126,242,112,101,176,270,103,159,163,131,127,138,153,209,167,374,161,236,247,328
A[C>A]C,96,10,120,90,92,79,92,40,147,91,98,22,96,35,19,13,142,21,54,64,34,127,34,63,96,71,30,90,91,80,50,78,24,78,136,226,100,39,121,58
A[C>A]G,14,17,29,24,24,22,35,20,45,32,14,16,58,42,8,15,59,7,8,33,9,48,14,18,40,56,13,27,31,18,23,24,32,36,42,45,9,28,51,39
A[C>A]T,94,24,113,154,85,74,102,63,152,79,65,79,96,38,53,46,147,27,101,98,31,103,51,44,76,131,49,69,75,123,69,71,40,70,154,118,114,76,104,80
A[C>G]A,65,37,76,64,61,78,76,46,75,52,51,40,75,31,40,38,74,39,39,37,35,58,41,48,68,46,36,79,50,59,20,63,32,82,48,72,40,81,71,64
A[C>G]C,53,23,32,26,38,60,67,28,47,53,22,20,39,24,28,14,58,15,28,30,28,68,28,50,47,33,44,29,30,42,13,30,14,35,76,30,52,49,45,33
A[C>G]G,9,7,12,5,11,7,9,11,15,9,6,4,13,7,3,8,17,13,10,11,3,7,6,11,24,6,6,20,17,6,4,7,7,9,7,11,13,17,14,19
A[C>G]T,58,24,82,54,48,75,54,54,74,69,35,61,66,43,32,16,90,43,69,22,55,53,44,76,149,65,60,51,79,57,28,54,43,94,92,53,80,51,73,31
A[C>T]A,769,239,718,1183,480,125,160,75,176,97,67,127,153,38,80,65,229,52,129,76,101,102,119,103,193,164,92,194,80,127,70,98,61,188,195,147,85,114,117,172
A[C>T]C,223,42,208,219,209,73,115,87,85,37,39,39,65,17,75,12,144,27,112,32,72,79,64,86,124,66,34,104,54,70,37,84,9,118,75,78,98,88,69,80
A[C>T]G,3048,464,785,1548,1124,75,100,199,113,138,94,36,149,86,173,88,121,41,124,64,79,157,119,100,42,106,135,56,152,91,53,104,90,141,104,109,62,85,105,77
A[C>T]T,269,78,340,392,155,79,75,65,120,96,37,50,156,44,69,49,164,46,89,72,57,89,89,73,142,98,55,128,96,61,51,84,28,171,77,114,157,97,111,69
A[T>A]A,79,803,47,242,529,394,171,676,323,908,441,371,435,223,518,883,93,229,393,418,365,327,594,645,101,455,876,240,267,220,394,239,569,426,332,466,332,408,718,1456
A[T>A]C,86,121,42,91,83,50,80,55,60,79,62,46,190,64,66,92,31,84,54,35,40,31,107,83,30,54,61,66,69,54,98,43,37,115,57,100,65,111,56,121
A[T>A]G,92,527,112,168,237,133,329,281,129,539,184,289,682,509,348,892,58,421,191,337,225,107,451,252,64,155,245,149,174,76,376,224,603,323,203,644,246,911,232,1416
A[T>A]T,205,71,182,293,239,141,91,54,139,190,138,58,74,33,34,52,50,39,118,174,47,87,83,299,81,115,248,122,90,87,41,85,41,205,95,88,96,53,131,66
A[T>C]A,308,458,172,783,827,298,251,176,292,529,354,179,347,150,277,182,153,389,269,209,165,253,306,321,217,339,658,327,209,325,309,185,240,472,307,251,217,393,826,397
A[T>C]C,137,113,63,208,156,31,59,13,84,22,12,15,31,15,14,29,37,9,41,11,14,13,34,16,56,69,12,43,25,21,10,27,15,29,27,30,18,38,25,50
A[T>C]G,400,287,141,561,352,142,237,50,187,234,130,50,106,88,83,169,124,77,168,47,79,67,157,45,164,169,153,136,104,80,57,78,104,143,122,138,92,132,152,177
A[T>C]T,331,183,187,340,240,106,211,56,199,72,67,77,113,26,68,18,164,55,140,74,32,108,81,127,157,162,80,160,95,168,61,78,29,111,120,89,82,125,128,74
A[T>G]A,25,58,36,37,56,87,48,34,66,111,80,44,56,38,24,71,41,36,46,100,33,60,71,104,56,75,188,74,45,55,38,53,36,59,82,61,33,40,107,71
A[T>G]C,17,28,34,37,24,53,19,13,25,27,16,46,34,15,20,4,40,24,11,7,24,62,48,36,55,29,28,30,49,25,15,16,21,45,33,28,14,22,46,41
A[T>G]G,28,31,30,61,47,55,57,37,63,56,60,68,65,30,48,31,54,23,45,34,47,37,63,46,45,52,55,39,50,33,55,48,34,98,58,45,64,86,70,78
A[T>G]T,71,89,140,70,55,103,86,40,97,102,80,102,153,72,54,9,135,27,49,51,40,107,82,63,147,122,137,51,139,67,43,68,72,161,146,71,112,76,97,69
C[C>A]A,80,63,107,79,91,182,188,82,185,171,216,84,107,100,22,79,299,36,145,169,44,161,56,75,160,212,59,100,154,83,88,139,126,100,190,195,176,84,372,107
C[C>A]C,150,114,265,273,243,120,114,100,196,103,160,47,104,119,64,67,193,86,135,184,61,147,61,57,175,257,84,113,136,48,104,104,160,74,146,273,95,137,308,102
C[C>A]G,20,14,31,31,23,25,52,11,38,27,40,9,27,17,4,5,60,5,32,63,3,43,6,22,41,46,9,30,18,8,19,36,29,15,55,64,11,7,59,19
C[C>A]T,369,94,669,839,298,114,134,54,156,55,195,34,142,75,14,7,184,24,117,218,36,69,50,51,220,123,96,95,91,47,73,119,93,71,215,228,110,21,207,42
C[C>G]A,27,24,32,29,36,33,38,27,65,41,42,24,33,24,22,15,46,16,38,29,32,46,25,38,50,48,42,62,52,35,17,39,24,30,54,36,17,49,32,26
C[C>G]C,29,28,29,29,33,93,47,32,46,60,72,33,48,27,28,29,53,13,37,47,22,49,41,29,66,55,53,42,56,48,30,63,26,63,37,47,64,43,83,30
C[C>G]G,13,6,8,14,7,9,14,3,14,8,10,6,12,3,7,12,13,5,11,13,6,13,4,12,13,12,3,20,10,5,10,16,3,6,17,20,12,10,8,14
C[C>G]T,23,26,27,52,32,89,78,39,98,82,62,38,56,37,27,13,83,34,39,40,36,22,66,81,51,62,100,69,90,52,20,60,22,62,139,72,73,44,79,47
C[C>T]A,204,48,145,149,150,88,162,53,177,92,53,77,150,42,72,50,142,28,92,64,48,105,78,79,110,97,67,181,96,104,66,104,50,110,121,102,126,92,123,116
C[C>T]C,121,69,153,316,153,63,138,85,186,146,61,136,147,26,52,81,101,79,99,59,82,90,112,102,182,121,47,147,71,137,46,90,54,109,122,164,166,110,93,122
C[C>T]G,1253,264,491,1551,558,49,130,59,64,96,48,42,76,33,60,61,84,15,78,24,55,52,50,47,55,47,68,67,89,76,16,63,48,44,50,116,29,47,66,52
C[C>T]T,108,31,309,179,129,98,219,158,143,93,87,111,199,30,79,55,209,64,139,56,65,113,100,112,166,129,47,211,111,165,65,145,35,152,123,151,105,120,136,161
C[T>A]A,19,1211,13,274,407,656,449,350,130,2111,640,313,990,1367,933,2161,45,1463,505,1215,1007,327,1364,759,44,299,694,512,297,563,1212,913,813,880,438,844,459,2679,713,1140
C[T>A]C,76,761,69,295,178,198,326,174,109,132,237,254,345,522,311,692,87,498,259,158,344,68,404,142,95,111,343,148,133,87,241,208,747,156,144,902,402,594,154,877
C[T>A]G,43,1767,39,551,349,267,399,540,320,314,381,810,950,1829,999,2628,105,1436,403,260,934,127,1840,392,80,280,618,255,182,215,2030,756,1286,305,343,1264,622,1705,349,2222
C[T>A]T,46,1033,62,255,155,252,293,258,161,261,170,492,728,582,531,726,64,531,264,254,243,75,532,181,71,93,280,114,143,141,439,345,637,134,121,479,241,1239,296,1459
C[T>C]A,231,264,80,452,375,87,84,45,152,137,51,53,120,71,61,114,66,56,162,41,83,76,132,63,114,113,110,112,77,52,105,126,50,145,118,93,77,112,100,95
C[T>C]C,199,115,44,239,154,46,56,13,113,19,20,26,44,27,18,20,43,37,117,16,20,27,35,23,99,56,15,53,24,34,32,73,21,30,32,29,42,56,42,44
C[T>C]G,264,198,164,466,196,54,78,20,105,68,29,33,49,29,21,22,98,26,133,31,32,41,46,45,123,71,31,89,35,39,34,69,20,35,72,55,26,106,41,51
C[T>C]T,146,204,109,357,196,53,105,36,80,47,39,21,72,22,24,18,79,23,92,23,26,46,64,29,95,95,26,87,40,58,25,49,35,79,30,43,39,36,48,22
C[T>G]A,12,28,6,26,41,60,32,21,52,60,51,20,47,36,47,53,25,32,33,44,35,16,71,51,24,18,64,39,29,52,65,38,69,64,23,92,32,58,78,132
C[T>G]C,19,30,22,35,31,26,24,22,29,26,21,12,34,19,17,22,36,34,21,21,24,21,39,51,37,20,36,22,24,26,18,23,14,39,43,19,25,27,33,50
C[T>G]G,35,88,33,48,55,66,45,23,39,52,80,56,76,74,88,104,20,87,57,31,57,35,123,55,26,28,71,53,33,31,92,55,93,38,61,52,49,126,86,220
C[T>G]T,9,27,21,31,54,68,48,21,72,41,34,37,83,48,31,28,62,48,30,18,44,61,56,51,65,59,65,36,52,57,19,37,23,64,92,49,51,68,61,39
G[C>A]A,72,41,67,74,68,68,406,27,164,58,92,42,88,79,38,38,132,23,76,84,18,92,60,42,79,115,30,45,79,87,66,59,67,36,87,373,102,104,101,151
G[C>A]C,77,36,79,151,98,69,96,48,125,64,44,49,114,58,39,51,105,32,66,67,28,126,65,35,115,101,15,70,56,45,51,63,50,82,81,103,74,79,120,54
G[C>A]G,33,9,15,35,24,18,50,25,29,27,18,11,19,23,16,4,39,8,20,36,5,17,10,9,34,30,10,24,28,14,25,23,19,21,42,52,11,15,47,26
G[C>A]T,121,44,98,141,54,62,179,20,91,51,42,33,43,40,7,22,65,25,44,70,16,67,26,31,80,65,23,67,44,35,29,50,23,74,101,156,67,38,122,94
G[C>G]A,14,18,14,26,13,17,35,12,31,59,25,17,34,19,12,18,32,15,25,18,13,26,27,33,17,31,20,23,22,11,21,31,25,27,25,30,13,37,19,42
G[C>G]C,17,20,22,47,21,35,38,18,42,38,32,15,34,10,12,21,33,11,33,31,16,32,22,19,51,44,54,38,25,22,17,25,21,16,36,17,19,31,39,29
G[C>G]G,9,4,2,1,6,12,9,5,12,10,12,1,8,3,3,6,12,2,8,13,2,13,6,3,12,8,2,9,6,2,5,10,7,6,13,17,4,4,6,11
G[C>G]T,18,18,26,34,23,38,34,4,40,22,28,18,44,7,12,10,44,16,16,15,22,41,25,16,36,31,20,29,13,29,15,21,22,35,31,27,23,25,43,21
G[C>T]A,527,276,402,730,550,142,119,82,87,101,62,82,231,37,80,54,107,58,92,63,102,115,102,98,120,142,44,91,129,190,62,105,36,178,91,181,86,174,81,196
G[C>T]C,471,208,585,689,226,83,178,124,125,39,22,56,180,18,76,48,155,78,74,55,44,148,60,55,149,74,33,86,95,91,74,65,16,99,49,128,127,92,81,101
G[C>T]G,2972,223,926,1220,829,37,79,130,59,66,87,15,107,39,114,42,75,21,110,47,110,74,62,79,46,88,102,48,132,85,11,40,30,65,60,85,47,54,71,45
G[C>T]T,358,110,712,536,234,70,113,50,131,82,36,130,172,46,53,36,130,62,106,87,59,76,84,78,131,100,73,65,76,59,59,91,37,87,106,122,67,123,82,89
G[T>A]A,15,247,38,232,179,203,288,212,141,333,237,319,476,322,609,573,52,278,245,154,328,83,643,552,29,101,544,127,143,93,287,205,595,197,321,444,378,871,275,1033
G[T>A]C,26,166,43,87,46,47,48,60,30,73,39,54,101,76,124,149,26,57,52,39,44,31,71,35,40,33,74,18,35,30,64,55,123,73,45,113,46,183,53,161
G[T>A]G,29,224,25,175,57,65,248,242,61,46,71,283,285,228,259,1000,57,249,63,37,128,49,434,56,47,43,50,55,56,27,242,126,413,33,81,322,187,1102,113,597
G[T>A]T,32,141,53,83,74,60,69,59,41,40,60,56,89,72,70,150,52,64,47,33,40,39,152,38,34,33,52,47,39,54,62,69,104,71,54,154,59,226,66,245
G[T>C]A,218,372,363,767,778,96,31,29,126,40,54,16,50,39,16,18,67,30,134,39,33,73,38,52,141,139,89,57,48,54,19,29,44,96,75,52,40,50,61,48
G[T>C]C,155,132,88,179,202,22,33,12,41,28,16,12,28,18,23,15,28,10,60,11,9,28,27,18,55,47,34,29,14,29,25,16,14,14,23,16,17,29,11,48
G[T>C]G,214,221,241,495,321,29,84,22,57,23,24,21,19,13,10,11,67,12,73,13,19,35,39,28,69,69,26,46,30,38,8,29,12,34,38,34,32,40,33,23
G[T>C]T,179,179,171,605,510,55,76,27,81,55,25,35,60,19,13,32,39,27,75,23,13,47,30,58,53,91,69,78,28,40,11,47,18,51,40,43,49,51,43,59
G[T>G]A,7,10,3,15,14,25,13,9,25,20,17,12,27,15,22,34,22,14,17,13,9,9,12,39,18,21,32,15,18,17,26,22,18,25,17,27,13,29,23,38
G[T>G]C,9,7,5,10,4,11,16,3,6,16,6,11,10,5,7,10,9,6,3,1,7,17,12,7,13,13,17,2,8,6,5,12,5,4,10,7,12,11,10,10
G[T>G]G,14,8,9,18,6,33,29,11,26,24,18,8,15,17,11,12,36,11,9,20,9,14,22,17,15,19,6,17,12,17,8,34,12,32,21,14,18,20,18,35
G[T>G]T,22,8,35,30,18,38,18,7,24,15,17,8,16,12,8,1,30,6,3,6,9,23,11,13,34,12,16,3,24,11,10,15,11,35,22,18,15,7,20,12
T[C>A]A,227,49,150,127,100,128,233,124,298,140,200,66,252,131,107,66,208,49,85,180,60,193,91,192,178,226,98,143,214,139,70,143,109,150,183,207,174,91,219,112
T[C>A]C,94,67,292,145,131,223,195,104,174,136,113,85,331,68,55,63,270,50,93,177,67,212,49,168,184,227,104,134,167,140,98,146,125,136,210,311,217,100,265,143
T[C>A]G,25,7,56,27,23,23,52,23,41,23,9,18,23,5,18,4,49,6,35,31,9,35,9,19,33,36,7,13,22,20,30,22,15,20,39,64,17,23,41,24
T[C>A]T,119,58,280,193,172,201,338,105,199,128,125,62,164,52,42,34,205,68,152,111,72,146,51,135,200,238,55,146,135,200,79,119,71,207,169,479,165,51,192,120
T[C>G]A,48,32,57,58,57,69,69,46,123,71,24,65,108,57,51,154,60,29,49,79,41,44,75,140,41,60,30,62,49,35,41,153,44,96,54,64,92,80,70,102
T[C>G]C,19,42,40,47,46,59,75,30,73,108,74,66,115,45,31,41,72,36,35,59,35,63,57,84,59,80,86,93,61,55,29,80,30,81,87,44,69,45,70,62
T[C>G]G,7,8,10,13,10,15,9,4,15,5,8,8,8,2,3,3,8,10,6,8,5,6,8,9,15,6,9,18,6,4,13,16,6,10,11,11,8,12,17,15
T[C>G]T,84,69,78,102,140,142,89,30,182,141,88,67,119,47,24,104,124,49,85,138,74,123,56,176,74,102,68,114,84,90,41,182,21,136,112,86,204,56,96,92
T[C>T]A,232,66,94,172,150,217,233,146,227,133,49,125,348,84,66,83,186,98,94,85,60,194,122,127,182,121,101,170,234,133,111,218,68,148,259,138,121,187,157,144
T[C>T]C,277,52,573,231,154,103,260,173,184,224,58,147,292,24,71,37,201,52,165,91,143,258,86,107,260,122,80,132,121,119,105,190,39,280,197,169,244,192,178,135
T[C>T]G,1153,105,207,244,310,39,78,68,55,29,19,26,58,35,58,23,59,4,44,24,63,23,58,81,43,49,78,30,68,78,5,54,29,51,40,62,22,33,44,32
T[C>T]T,162,19,320,286,149,162,109,56,184,68,71,98,98,16,60,31,196,46,150,76,95,122,115,107,216,163,61,167,116,243,74,124,30,91,116,106,175,113,82,45
T[T>A]A,132,645,99,498,848,1284,376,329,352,689,511,481,1007,663,610,895,85,497,513,565,258,303,844,1077,66,377,1170,705,409,534,511,280,570,966,326,731,325,1007,1051,999
T[T>A]C,59,206,109,155,106,174,114,105,82,91,117,143,277,171,302,425,37,300,92,54,131,97,182,116,96,100,198,96,103,73,148,161,199,130,170,227,179,494,110,535
T[T>A]G,36,975,35,381,214,166,398,383,154,869,444,285,277,548,581,1458,56,585,296,327,360,82,927,310,37,266,645,210,167,265,876,352,435,479,468,664,336,1266,628,1959
T[T>A]T,143,464,234,302,234,312,260,316,200,440,360,206,339,206,283,305,124,237,184,181,183,208,350,401,165,228,334,269,304,241,246,163,264,469,226,372,274,528,361,725
T[T>C]A,238,465,259,920,432,204,102,32,170,443,212,60,69,62,52,38,85,69,153,85,56,89,125,194,180,145,318,173,117,157,59,48,70,175,104,83,54,169,205,155
T[T>C]C,195,173,121,314,274,37,59,11,66,27,14,15,28,17,6,3,31,8,42,9,14,20,29,30,82,56,29,30,17,25,8,16,7,25,39,31,22,32,35,18
T[T>C]G,194,196,144,272,240,45,50,18,84,41,84,23,36,22,17,24,48,15,97,31,22,32,42,45,97,108,75,61,26,69,25,33,26,93,57,39,15,47,36,52
T[T>C]T,437,235,222,590,352,107,61,35,97,49,22,29,50,18,27,7,59,23,82,38,27,60,36,58,77,114,82,70,52,82,15,30,19,87,65,36,67,63,67,46
T[T>G]A,19,110,36,52,78,120,60,46,60,183,100,31,123,78,86,109,78,57,65,28,63,66,54,110,49,72,104,83,105,70,79,45,99,91,117,66,108,77,149,144
T[T>G]C,23,66,23,43,34,41,69,21,49,39,57,51,81,69,43,26,64,54,17,18,35,78,45,36,80,43,37,35,84,50,28,42,32,71,105,58,56,60,93,58
T[T>G]G,20,84,41,58,31,108,84,33,40,75,52,69,53,63,85,69,59,87,39,50,44,34,105,105,74,50,111,49,61,60,57,56,74,71,86,76,58,114,98,208
T[T>G]T,130,80,118,198,126,134,116,65,192,95,125,52,237,49,63,12,115,63,63,38,66,126,100,107,185,142,137,76,104,180,62,92,64,304,191,127,101,113,90,106
