Type,Liver-HCC::MSI-H.S.2,Liver-HCC::MSI-H.S.3,Liver-HCC::MSI-H.S.4,Liver-HCC::MSI-H.S.5,Liver-HCC::S.110,Liver-HCC::S.147,Liver-HCC::S.15,Liver-HCC::S.150,Liver-HCC::S.163,Liver-HCC::S.178,Liver-HCC::S.206,Liver-HCC::S.254,Liver-HCC::S.268,Liver-HCC::S.269,Liver-HCC::S.29,Liver-HCC::S.302,Liver-HCC::S.317,Liver-HCC::S.33,Liver-HCC::S.35,Liver-HCC::S.399,Liver-HCC::S.402,Liver-HCC::S.414,Liver-HCC::S.43,Liver-HCC::S.463,Liver-HCC::S.487,Liver-HCC::S.510,Liver-HCC::S.52,Liver-HCC::S.565,Liver-HCC::S.569,Liver-HCC::S.587,Liver-HCC::S.590,Liver-HCC::S.648,Liver-HCC::S.664,Liver-HCC::S.683,Liver-HCC::S.703,Liver-HCC::S.707,Liver-HCC::S.746,Liver-HCC::S.750,Liver-HCC::S.757,Liver-HCC::S.777
A[C>A]A,336,134,129,217,246,413,268,258,344,130,349,212,568,213,303,233,298,139,320,585,417,349,513,799,499,424,282,605,637,399,471,386,446,551,637,489,433,254,382,284
A[C>A]C,136,215,241,134,485,254,218,167,524,19,189,258,459,94,226,230,334,93,255,277,312,263,286,402,189,378,110,269,349,689,200,204,420,527,231,212,278,233,296,386
A[C>A]G,26,36,15,20,63,84,61,78,93,20,35,24,63,17,55,45,79,29,34,137,142,79,65,101,46,59,20,79,63,86,65,66,88,156,120,72,57,73,76,45
A[C>A]T,259,241,379,334,329,230,186,185,452,50,171,89,246,77,236,99,195,182,282,195,240,142,278,202,91,188,82,157,309,313,269,181,226,391,213,156,227,249,183,189
A[C>G]A,167,94,71,80,126,244,221,135,114,58,224,158,312,134,243,95,222,182,217,180,220,98,332,366,381,94,97,265,236,139,188,119,247,259,217,135,133,309,136,248
A[C>G]C,121,108,90,168,123,118,168,33,165,20,130,151,106,76,138,60,188,222,131,151,92,55,214,130,118,75,44,137,112,100,162,63,177,161,80,74,157,108,137,149
A[C>G]G,35,11,12,63,36,57,40,30,13,9,23,22,41,22,33,22,57,27,35,67,48,12,41,43,21,25,14,59,31,12,50,12,54,76,46,17,38,28,50,16
A[C>G]T,183,115,123,230,197,344,401,37,213,16,406,198,232,156,202,101,383,144,273,198,397,55,204,393,260,121,81,163,279,250,339,92,291,486,157,257,196,242,178,140
A[C>T]A,1095,1404,1108,1461,296,656,799,207,310,156,847,841,839,782,555,544,992,728,455,759,388,395,364,640,532,371,443,666,654,225,510,245,796,1162,342,475,586,541,637,383
A[C>T]C,470,623,628,793,244,323,298,219,195,29,221,423,330,496,206,353,229,297,254,370,222,145,420,443,203,207,180,558,256,198,474,116,417,289,206,151,272,378,394,553
A[C>T]G,1337,1919,881,1851,50,126,70,150,87,46,130,199,138,243,103,161,164,160,228,228,122,103,116,105,363,250,116,63,59,139,124,112,239,64,43,132,50,89,229,192
A[C>T]T,580,460,512,804,264,610,590,117,148,59,446,318,423,790,271,361,593,382,397,281,315,178,495,409,261,242,136,346,379,155,369,187,1051,319,246,175,414,544,397,293
A[T>A]A,175,187,137,130,105,182,76,658,143,731,239,102,151,110,152,131,231,247,317,184,100,1527,441,162,297,159,627,162,265,161,180,1612,240,125,1125,168,133,256,156,111
A[T>A]C,79,130,77,171,131,326,117,190,167,139,102,186,128,56,117,74,117,107,173,193,122,114,261,161,145,139,166,157,167,100,104,237,206,95,151,84,74,116,63,158
A[T>A]G,84,160,108,136,129,172,124,981,122,2131,185,200,134,74,112,158,249,348,347,122,249,933,791,189,145,146,897,166,195,126,213,1485,400,216,1211,169,103,301,209,136
A[T>A]T,106,102,204,95,117,148,211,75,126,50,182,87,199,64,164,99,133,118,140,166,269,53,174,373,135,128,92,140,166,191,234,167,196,158,154,114,179,216,170,210
A[T>C]A,1440,1628,891,1054,392,1313,677,1092,910,717,1254,1304,694,913,1674,1124,1831,963,873,806,602,951,1042,1162,934,1863,1028,1042,597,961,996,1045,2145,1095,898,1167,995,1228,1260,1492
A[T>C]C,480,442,280,258,249,474,251,390,181,136,549,284,383,571,413,511,612,601,334,288,323,125,220,172,270,669,240,316,202,265,306,81,265,191,107,549,395,392,393,473
A[T>C]G,1201,1636,670,1140,512,800,704,644,327,428,743,812,455,916,871,985,1187,1444,646,1066,908,660,825,426,833,854,599,1376,524,420,1071,407,1131,823,339,708,526,540,994,954
A[T>C]T,904,766,826,988,354,1145,589,878,401,186,1465,977,588,500,1139,819,1353,798,618,694,838,410,926,575,838,1140,507,868,403,749,996,381,1179,865,589,1152,598,931,660,2190
A[T>G]A,74,77,68,77,99,123,97,84,83,67,85,76,141,70,116,62,112,68,124,79,128,72,106,125,114,67,67,89,153,123,129,63,156,103,99,85,143,79,49,73
A[T>G]C,123,74,40,116,32,79,101,28,30,7,42,77,85,42,84,43,167,66,60,45,183,40,89,84,54,45,20,89,107,48,85,13,94,67,69,47,165,56,38,77
A[T>G]G,139,121,78,165,119,250,158,86,78,67,188,130,129,75,165,103,225,186,138,249,203,141,213,170,329,128,88,157,154,106,164,150,212,173,108,81,208,236,119,142
A[T>G]T,164,157,125,91,70,264,166,35,53,8,140,202,171,57,151,72,230,120,161,161,448,36,256,178,95,53,36,129,137,98,240,30,217,136,89,135,199,138,85,62
C[C>A]A,156,146,228,183,788,193,284,240,976,62,182,91,367,112,275,228,278,207,306,480,474,214,507,368,222,333,69,337,301,504,328,432,439,683,569,257,323,418,238,273
C[C>A]C,184,199,131,213,659,226,183,290,621,140,125,118,186,115,177,142,226,165,347,436,215,145,296,286,141,242,116,215,222,639,281,520,326,654,316,333,210,296,248,179
C[C>A]G,57,68,76,77,92,75,41,126,172,17,101,72,154,35,60,57,85,89,80,106,127,60,89,144,42,62,31,96,64,101,63,106,92,176,239,156,66,99,123,57
C[C>A]T,553,684,1078,1092,1035,143,203,213,672,25,193,185,312,83,249,137,294,223,222,244,441,172,311,337,157,194,45,339,216,628,244,390,442,373,309,308,180,179,410,277
C[C>G]A,192,174,121,204,83,217,165,77,101,32,116,120,192,54,130,65,175,117,103,160,167,100,107,157,163,81,79,179,181,137,117,100,179,186,106,122,193,162,158,78
C[C>G]C,152,73,74,116,148,264,108,75,72,29,305,132,193,127,196,71,261,170,146,111,187,117,166,246,203,124,167,330,185,142,139,94,198,201,203,106,223,224,171,258
C[C>G]G,33,26,30,68,32,62,54,22,28,12,58,46,56,26,34,11,64,46,45,41,36,33,51,56,57,38,17,76,55,47,68,38,41,106,35,31,34,68,71,58
C[C>G]T,222,207,129,279,251,210,186,120,167,17,201,346,214,201,237,140,307,344,191,181,389,157,278,328,102,135,76,296,242,193,258,97,319,288,123,188,204,198,208,225
C[C>T]A,485,272,492,403,382,847,444,227,251,86,261,380,444,1874,482,1067,627,697,417,501,358,424,496,397,253,231,198,531,319,335,379,275,617,409,283,307,206,281,397,502
C[C>T]C,468,670,364,558,1380,656,298,171,957,112,423,597,303,1471,342,503,319,1126,278,417,297,215,367,332,286,107,153,345,413,1092,556,330,645,436,383,294,386,366,262,497
C[C>T]G,1659,2036,1402,1504,182,416,188,217,171,53,466,458,318,393,308,295,267,561,155,307,145,162,189,212,487,181,174,422,268,141,340,172,292,131,129,158,94,477,431,317
C[C>T]T,500,537,384,343,807,953,603,203,489,101,405,452,543,6881,476,2381,443,1272,329,347,501,250,464,644,729,250,209,547,389,737,308,255,431,333,324,274,424,382,498,393
C[T>A]A,70,70,50,68,369,72,37,1309,525,1278,43,96,46,45,45,25,83,466,724,190,20,1989,2070,61,101,35,963,68,195,383,53,3774,190,98,1299,26,21,121,80,172
C[T>A]C,134,87,76,120,299,158,114,720,534,1245,109,97,81,136,211,101,142,216,386,173,191,1232,1273,148,153,117,706,132,173,467,195,1036,293,252,679,122,116,87,146,152
C[T>A]G,111,140,69,138,956,117,125,1779,496,3449,83,140,65,44,78,54,80,502,622,289,83,2745,3147,123,164,67,2256,129,458,639,64,4292,239,259,1619,65,88,121,180,297
C[T>A]T,63,45,77,83,978,191,98,768,697,2020,54,67,143,61,148,48,219,158,294,111,240,1466,1023,190,108,88,530,97,261,841,138,2331,251,122,721,74,156,109,111,268
C[T>C]A,764,584,368,880,192,641,312,440,365,240,480,239,268,296,378,376,673,216,289,397,524,209,265,356,415,446,282,289,210,231,319,291,495,291,232,643,431,280,652,446
C[T>C]C,543,313,335,464,226,550,230,316,183,162,321,289,107,236,532,611,497,440,244,255,359,106,220,302,343,463,235,315,262,335,577,151,240,203,173,927,393,201,463,704
C[T>C]G,895,945,890,571,335,493,568,344,365,187,636,590,451,282,695,343,695,398,322,490,817,212,396,271,476,820,312,425,286,371,728,146,564,308,225,390,299,655,422,421
C[T>C]T,490,588,706,764,251,494,432,364,332,237,539,280,390,308,391,414,650,304,338,517,579,197,299,390,396,1083,342,383,253,473,515,63,485,375,256,654,334,391,494,564
C[T>G]A,56,75,51,61,77,65,101,77,51,39,40,38,75,57,81,36,90,48,77,67,61,130,164,74,23,43,94,67,62,88,67,125,72,60,93,51,56,43,53,56
C[T>G]C,201,150,98,111,42,144,121,25,55,28,141,114,58,74,89,71,127,87,63,93,117,50,147,104,43,77,35,60,152,42,90,36,105,132,75,58,101,97,51,192
C[T>G]G,219,135,87,153,184,127,107,121,84,223,91,174,133,59,114,90,220,150,188,124,100,123,252,114,229,80,212,209,159,108,160,240,122,106,234,72,108,134,67,130
C[T>G]T,225,209,111,142,142,208,126,80,110,53,160,169,225,116,189,115,197,109,175,83,262,77,176,170,127,66,95,162,305,65,214,67,393,232,154,150,208,130,195,201
G[C>A]A,164,193,106,240,365,388,228,235,205,29,164,285,434,97,315,265,242,189,309,452,573,330,397,360,209,344,86,337,580,275,308,371,366,555,338,287,291,332,355,428
G[C>A]C,151,131,172,127,713,228,146,152,447,44,120,126,331,34,173,209,334,128,257,335,411,330,291,408,208,277,81,236,282,1147,224,300,496,511,259,269,265,194,218,294
G[C>A]G,52,30,26,40,48,52,42,78,79,12,45,41,115,14,51,63,36,64,57,101,113,73,94,131,74,117,22,84,69,82,44,98,133,179,85,78,52,73,99,50
G[C>A]T,302,255,468,571,304,210,190,95,209,24,102,198,342,94,151,243,229,71,238,352,503,298,238,267,126,187,75,167,279,500,151,212,230,363,134,276,340,138,326,246
G[C>G]A,75,48,60,90,76,75,64,55,93,31,54,111,94,46,36,60,122,133,103,130,109,41,92,82,74,70,48,68,127,76,130,104,161,157,92,47,53,150,118,88
G[C>G]C,113,121,92,99,217,117,90,74,294,24,170,127,120,80,118,45,168,48,94,104,160,56,107,153,84,101,37,100,83,236,99,32,185,200,125,66,91,125,149,155
G[C>G]G,9,35,26,21,13,52,54,17,37,20,22,15,36,20,17,17,52,19,25,23,27,25,45,40,35,22,29,40,18,25,22,25,42,53,18,25,30,53,43,71
G[C>G]T,136,103,83,102,200,119,148,56,157,16,70,135,160,63,173,52,119,45,141,178,105,68,142,135,120,38,51,99,137,173,136,70,153,132,78,74,194,141,110,131
G[C>T]A,881,1235,963,1790,298,758,502,246,410,75,238,655,393,1261,411,702,430,599,277,269,283,419,357,378,314,182,169,385,285,197,431,201,556,360,151,261,269,701,333,370
G[C>T]C,1152,1445,870,2838,498,574,543,269,410,99,294,452,390,890,497,609,377,885,375,557,284,326,330,347,451,206,339,287,254,445,470,166,772,547,269,175,420,319,389,561
G[C>T]G,1408,2649,2272,2954,137,303,110,151,153,37,168,238,147,311,185,261,237,157,151,416,102,83,129,204,372,242,201,225,179,192,273,93,308,155,145,120,87,230,135,301
G[C>T]T,1106,1549,634,1479,246,605,304,140,281,53,296,348,390,2205,389,688,432,937,253,384,391,309,511,421,464,180,177,237,234,228,251,233,704,264,290,266,334,260,264,236
G[T>A]A,99,41,51,80,55,56,59,354,42,707,104,56,60,26,61,54,48,200,239,124,55,565,857,40,101,62,652,33,146,67,63,1399,76,127,554,49,36,129,80,52
G[T>A]C,41,61,57,97,82,103,58,176,79,224,66,67,70,32,73,36,62,58,124,94,70,90,170,80,75,52,140,58,53,92,74,339,92,53,129,86,40,78,63,44
G[T>A]G,72,82,50,139,81,69,169,374,107,780,106,108,70,75,78,65,166,201,188,114,113,569,638,64,98,114,766,112,159,77,128,805,127,197,636,104,78,94,102,53
G[T>A]T,52,67,55,72,66,154,57,214,83,161,51,65,110,33,77,44,106,48,74,114,104,214,290,95,65,45,241,124,161,43,100,183,142,112,202,55,102,84,47,67
G[T>C]A,1288,1118,606,601,224,917,480,596,329,264,435,481,181,631,653,474,956,370,252,225,301,179,262,187,323,560,131,663,230,364,678,65,478,316,190,731,487,343,515,566
G[T>C]C,332,213,284,427,161,359,260,232,153,119,244,260,130,356,271,302,430,281,178,311,310,112,143,195,194,212,104,247,60,167,296,97,274,260,101,379,223,199,283,391
G[T>C]G,663,691,939,850,158,570,356,229,180,133,410,678,230,290,469,472,666,362,301,305,552,210,206,196,366,676,217,363,208,225,330,129,448,253,218,448,344,412,446,386
G[T>C]T,546,554,533,477,214,658,388,344,178,242,346,388,130,503,503,379,1077,476,302,419,736,234,236,257,410,532,122,375,181,234,322,73,347,224,221,346,272,379,640,505
G[T>G]A,54,54,25,46,56,66,44,53,46,35,63,45,88,31,66,49,75,27,57,41,52,51,77,48,47,18,22,55,49,33,48,71,69,57,43,35,41,54,51,93
G[T>G]C,37,32,39,35,73,38,30,15,81,14,28,14,48,25,30,33,70,48,25,83,33,22,38,33,34,13,7,45,28,50,37,8,64,44,29,25,51,51,28,43
G[T>G]G,199,130,42,128,92,71,98,33,96,12,81,124,103,39,142,46,216,88,95,84,139,52,69,123,104,77,48,99,67,98,117,65,115,127,84,90,97,71,97,127
G[T>G]T,65,59,64,130,41,107,74,6,86,13,45,63,76,23,70,21,62,41,48,57,115,32,74,89,47,23,13,64,86,77,117,33,69,57,35,29,87,28,27,38
T[C>A]A,111,139,120,159,180,418,273,223,216,40,232,169,432,104,193,204,380,97,279,422,817,240,421,522,258,246,62,248,337,284,251,243,360,403,441,363,401,234,321,169
T[C>A]C,161,258,97,210,341,412,285,227,319,63,188,242,372,158,223,214,148,118,384,408,336,291,432,364,197,233,121,316,512,375,317,240,483,710,323,254,270,326,312,173
T[C>A]G,71,38,35,53,43,56,45,42,61,5,52,38,77,38,69,25,63,35,65,69,65,63,70,96,83,56,23,70,59,39,33,59,107,124,59,88,33,49,97,40
T[C>A]T,437,566,315,608,231,362,501,261,488,41,329,287,348,57,304,298,345,241,338,329,615,202,620,533,285,269,117,354,324,298,355,264,414,545,340,361,341,298,487,286
T[C>G]A,235,147,111,159,217,305,121,89,158,60,72,148,250,230,139,103,211,231,166,276,122,117,302,200,140,70,144,112,198,139,260,201,315,252,128,118,196,231,159,109
T[C>G]C,134,97,170,140,167,233,170,104,108,43,90,165,232,159,228,136,147,216,198,186,483,93,305,169,383,95,76,145,255,119,266,83,222,253,149,145,220,119,218,151
T[C>G]G,46,16,10,25,15,48,55,33,26,16,16,37,45,11,46,26,27,35,30,52,38,27,43,34,39,21,19,37,58,17,46,31,66,71,50,29,16,27,17,20
T[C>G]T,194,200,122,164,238,471,364,154,428,29,235,191,237,165,340,123,417,172,352,163,705,90,296,330,242,238,156,219,449,179,571,69,447,416,175,261,367,554,308,385
T[C>T]A,553,646,405,494,245,1019,439,152,120,81,528,481,515,597,488,720,625,550,380,453,557,157,611,534,385,274,272,484,494,210,378,315,822,429,296,256,281,367,652,443
T[C>T]C,532,537,562,550,406,802,258,164,452,79,305,555,548,448,314,552,710,619,451,675,409,188,449,366,415,331,324,302,300,336,631,164,602,446,366,225,537,588,421,340
T[C>T]G,714,1189,662,1168,138,283,282,91,185,39,379,176,288,155,124,251,230,350,215,427,111,205,227,204,356,177,160,313,319,127,161,94,402,262,114,118,86,451,201,206
T[C>T]T,570,486,194,394,255,674,405,127,334,70,393,497,521,784,402,806,439,619,524,492,426,164,571,471,368,530,121,403,454,296,559,187,741,309,336,301,371,275,423,522
T[T>A]A,144,116,63,101,97,196,114,715,102,1222,148,114,109,107,204,75,284,390,305,70,216,947,947,159,168,135,1010,126,195,169,203,1621,146,176,841,77,142,161,118,149
T[T>A]C,91,82,73,63,136,215,157,492,150,542,115,95,175,107,119,101,155,100,146,189,185,299,466,142,82,106,220,146,213,123,197,635,253,152,490,96,164,109,104,169
T[T>A]G,84,36,79,43,55,122,158,399,111,1208,115,153,91,68,146,100,137,264,512,138,163,887,1238,114,76,97,851,84,184,81,101,2853,186,179,581,82,98,83,122,104
T[T>A]T,181,64,169,210,152,313,324,483,155,341,188,279,324,67,278,89,297,282,350,102,486,258,644,350,239,187,403,199,301,158,405,1051,333,229,427,211,242,273,182,174
T[T>C]A,893,386,652,565,439,586,657,541,346,260,560,541,284,677,828,1191,880,566,475,606,533,269,402,249,312,876,227,562,314,263,765,187,685,415,284,1194,513,270,540,470
T[T>C]C,454,465,314,538,199,602,233,492,294,94,290,486,249,238,497,450,337,331,256,310,548,91,206,186,342,462,144,293,169,238,305,33,260,142,177,646,482,260,361,488
T[T>C]G,759,375,367,325,237,366,265,286,283,157,279,285,166,295,356,412,858,381,217,398,537,236,315,184,330,502,181,421,128,243,371,104,307,193,120,458,303,223,395,456
T[T>C]T,623,805,1090,527,240,1241,814,370,315,184,479,678,484,561,454,365,472,467,398,384,560,211,293,331,480,838,161,487,318,373,668,64,622,323,239,806,629,542,425,472
T[T>G]A,165,83,36,95,91,242,128,60,129,134,75,101,83,47,168,79,118,90,130,116,192,102,289,161,69,79,124,141,159,84,115,172,228,118,156,107,132,174,53,156
T[T>G]C,208,124,122,113,74,338,156,52,108,24,98,169,154,106,150,70,198,110,162,181,236,120,234,196,58,56,81,143,133,47,197,64,208,152,120,88,253,140,124,79
T[T>G]G,159,142,124,110,132,194,202,96,132,112,86,70,176,107,139,79,265,207,154,132,114,120,268,184,130,111,121,217,209,131,138,276,95,265,153,97,154,162,127,174
T[T>G]T,280,275,209,277,150,534,393,74,153,74,254,474,401,245,352,150,319,523,338,411,383,147,643,468,384,239,115,273,391,196,350,78,611,379,223,155,442,371,130,220
