Type,Lung-AdenoCA::S.104,Lung-AdenoCA::S.125,Lung-AdenoCA::S.131,Lung-AdenoCA::S.158,Lung-AdenoCA::S.184,Lung-AdenoCA::S.20,Lung-AdenoCA::S.216,Lung-AdenoCA::S.221,Lung-AdenoCA::S.222,Lung-AdenoCA::S.250,Lung-AdenoCA::S.258,Lung-AdenoCA::S.276,Lung-AdenoCA::S.332,Lung-AdenoCA::S.372,Lung-AdenoCA::S.387,Lung-AdenoCA::S.396,Lung-AdenoCA::S.418,Lung-AdenoCA::S.422,Lung-AdenoCA::S.432,Lung-AdenoCA::S.454,Lung-AdenoCA::S.455,Lung-AdenoCA::S.475,Lung-AdenoCA::S.495,Lung-AdenoCA::S.501,Lung-AdenoCA::S.545,Lung-AdenoCA::S.582,Lung-AdenoCA::S.608,Lung-AdenoCA::S.617,Lung-AdenoCA::S.626,Lung-AdenoCA::S.642,Lung-AdenoCA::S.644,Lung-AdenoCA::S.665,Lung-AdenoCA::S.736,Lung-AdenoCA::S.737,Lung-AdenoCA::S.74,Lung-AdenoCA::S.75,Lung-AdenoCA::S.762,Lung-AdenoCA::S.77,Lung-AdenoCA::S.772,Lung-AdenoCA::S.794
A[C>A]A,3126,3274,4427,2402,8680,3906,6857,2354,1056,4543,6709,6324,5088,4257,2630,2573,3600,2230,3560,5125,7982,6300,3548,2845,4198,6771,2403,6149,1847,3229,3115,3527,3618,2265,4762,3572,3468,9350,4546,9179
A[C>A]C,3355,5752,4190,6028,7642,2468,3845,4448,2779,2704,3809,2773,4354,2300,2804,1729,2913,2098,2285,4886,2820,3067,2532,1358,2573,3246,4230,2666,1533,3749,2655,1385,2594,3894,3180,1462,1980,5797,3731,6616
A[C>A]G,1897,2187,1169,1272,2772,1216,1977,1526,1037,1082,3204,1297,1375,1524,954,1416,2183,1287,899,1291,1320,1233,878,2581,2408,2350,1152,1505,538,1814,973,1761,2672,1035,1175,1151,1368,2937,1102,1638
A[C>A]T,2356,3924,4098,1804,5497,3550,3742,5878,990,2462,4742,2402,2380,3251,886,3110,2773,2348,1867,2637,3668,2872,1126,2741,4330,2926,2704,6308,1525,3139,2833,2907,2104,1985,1706,1111,2267,4673,3437,3933
A[C>G]A,523,849,500,973,1038,653,425,362,890,879,896,786,1043,794,619,938,596,1230,873,690,942,925,1078,513,549,1219,553,660,648,492,784,396,399,421,1029,472,726,2406,986,1770
A[C>G]C,261,628,319,201,315,265,367,261,479,217,461,483,419,379,273,316,191,343,399,495,540,372,477,266,492,519,313,385,365,292,316,383,435,293,458,410,614,461,310,841
A[C>G]G,75,212,159,105,291,107,133,76,159,84,243,156,201,133,157,130,187,169,148,124,178,149,169,147,157,186,108,184,135,128,106,102,242,142,134,223,181,187,121,255
A[C>G]T,513,584,325,300,753,466,321,418,425,211,608,734,901,1086,433,573,395,797,662,384,601,580,915,422,454,443,456,457,722,571,321,439,514,453,728,696,878,869,431,708
A[C>T]A,1048,1416,824,770,2023,809,721,791,2809,960,581,1525,1411,1126,990,1287,618,1132,1399,1946,1439,1820,3124,1775,1043,1301,1160,1432,1784,1037,960,1495,1563,658,1999,1214,1828,2934,1161,1404
A[C>T]C,486,514,568,248,879,423,483,276,687,353,403,466,1093,562,680,590,403,920,856,543,872,865,783,564,749,792,345,813,1151,299,769,550,380,502,751,457,1132,1171,554,1278
A[C>T]G,204,171,177,209,276,140,145,251,458,154,126,343,140,687,279,411,421,158,189,256,353,1048,512,344,921,260,199,370,1098,95,212,186,149,223,424,416,355,308,369,222
A[C>T]T,435,700,441,384,955,371,487,580,1226,509,744,865,930,645,590,655,299,643,643,837,766,1697,1101,415,956,641,358,516,922,846,521,934,538,412,1464,505,965,1124,578,1208
A[T>A]A,962,337,821,538,1715,567,712,1002,1068,873,1692,1429,722,1139,1117,1088,1718,1467,487,1680,1396,677,1035,651,1637,797,727,1079,647,1361,789,605,663,410,772,1198,942,2119,1207,1567
A[T>A]C,367,713,592,479,704,372,346,283,416,214,586,389,604,640,361,445,329,531,472,573,712,529,545,389,607,415,297,366,449,164,166,329,549,323,468,360,305,602,296,764
A[T>A]G,581,1527,2035,1086,1328,898,1050,1161,985,858,1718,1684,1071,1248,926,1263,1181,970,563,1278,1051,1635,1221,932,2313,1485,510,1251,1580,1392,884,670,1452,1014,1547,1169,886,1444,667,1592
A[T>A]T,306,672,549,407,493,339,892,260,608,291,684,598,905,576,348,333,678,548,377,313,747,747,638,523,539,498,440,464,452,317,539,240,656,274,600,487,542,1208,390,1043
A[T>C]A,670,1531,774,947,1948,712,670,1011,2336,788,1585,2020,1751,1931,1322,1974,1058,1926,1217,1095,932,2425,2197,1841,1141,1009,758,1462,2856,1059,1645,579,1559,1206,2392,836,1578,1052,697,2151
A[T>C]C,118,173,121,224,253,140,71,83,515,79,113,646,546,275,209,271,83,299,441,213,295,610,671,335,170,219,41,207,748,77,68,95,83,123,868,96,324,225,137,464
A[T>C]G,679,787,727,569,935,637,901,347,2564,510,748,1369,1511,1365,970,822,825,1094,1062,868,886,2090,2341,890,824,886,669,1593,1636,971,834,583,469,477,2100,750,1001,1413,500,1176
A[T>C]T,296,489,473,673,449,345,137,358,955,249,291,1587,1457,949,605,320,228,946,1265,669,810,1518,2350,858,268,400,106,510,1920,171,409,309,153,331,2227,191,616,548,384,1623
A[T>G]A,119,187,177,120,285,158,81,74,240,99,135,138,320,199,120,127,196,239,200,98,220,193,271,133,240,208,46,120,229,183,108,107,218,85,139,87,497,253,109,434
A[T>G]C,69,42,13,38,69,94,21,38,59,15,28,93,196,107,53,63,28,156,324,28,276,131,101,23,109,82,20,31,143,29,37,31,18,39,166,37,326,73,32,307
A[T>G]G,147,302,117,111,457,200,166,175,442,146,137,472,393,535,214,220,100,295,530,200,411,583,514,237,146,204,142,159,464,185,170,136,159,152,370,117,622,427,218,451
A[T>G]T,375,68,46,91,110,221,48,33,195,35,21,413,461,716,119,76,28,434,592,72,656,100,155,52,104,236,22,97,488,37,111,41,32,49,155,211,980,170,55,774
C[C>A]A,4273,12030,12658,7679,13073,5271,9579,7330,3418,3925,15210,7253,10701,7063,6956,7362,5356,7839,8049,8706,13906,5570,5826,9250,10406,9987,14338,11624,2500,5081,5621,6533,11647,5365,6770,10380,4022,8868,9621,10354
C[C>A]C,5359,9837,10535,4167,16601,5546,5306,11893,2534,7325,9419,4039,10461,6434,4992,3792,6838,5055,4272,7857,6766,7064,5612,7190,7516,8185,15058,9083,2740,14668,6521,8357,11332,4512,3830,9514,4819,13143,7087,11425
C[C>A]G,2025,5797,2966,2259,9854,1675,2853,2077,1192,1432,3519,2438,1985,1454,2250,2223,2819,2211,1133,3795,2544,4162,1529,1871,2582,3971,3279,3161,1528,2289,2019,2393,1578,1896,2487,3104,2270,7039,2283,2368
C[C>A]T,5125,6839,7738,4246,11329,4651,7527,5130,3795,5690,8918,3868,6724,5345,6700,4766,4733,4680,4864,10855,4331,3452,4968,3465,12214,11262,8367,5356,2028,8855,5198,4829,11769,6104,2844,9753,4025,30537,4388,7187
C[C>G]A,700,1234,735,676,913,673,587,595,602,639,992,712,880,677,650,1229,803,452,722,1287,943,587,918,618,869,1338,985,684,590,899,889,410,722,756,852,1152,703,2155,838,955
C[C>G]C,664,1230,1453,868,1259,523,695,708,407,520,775,487,1048,933,720,392,662,945,647,868,784,658,842,781,1699,947,909,396,451,963,764,1075,567,849,636,813,704,1250,971,861
C[C>G]G,231,877,221,261,696,157,707,258,296,381,360,541,430,244,218,452,299,250,252,436,467,397,318,486,422,582,284,477,186,295,167,219,317,394,611,486,253,417,427,296
C[C>G]T,456,754,537,723,2004,638,704,700,887,704,512,808,1117,1097,396,486,498,1186,1183,1435,993,987,574,681,789,883,458,1164,1068,1357,407,613,1090,1040,1061,1370,1240,1568,1061,1272
C[C>T]A,2012,1863,1796,967,3574,1794,985,1668,2085,1127,1341,1798,2284,1267,1093,814,1331,1917,1690,1694,2321,2129,2754,904,1761,1423,1189,946,1316,1195,1981,1231,1391,1208,2521,1738,1695,3312,746,1579
C[C>T]C,917,2225,1128,1059,3021,1242,1667,1054,1267,1584,1455,1747,1490,1352,1412,1236,1463,1515,1186,986,1711,1171,1175,1010,1705,1247,792,1226,1273,1254,1726,1222,1587,1539,2035,1681,976,1543,1026,1907
C[C>T]G,317,660,414,713,1321,325,600,680,1514,293,426,896,459,875,314,622,486,443,297,565,667,1560,1249,556,841,454,364,756,1458,508,499,394,365,263,825,776,461,1211,510,1011
C[C>T]T,1288,2264,1216,1621,3091,991,971,1372,1945,1894,940,1993,2009,1342,2448,1194,1493,1463,1166,2955,1270,1950,2320,1151,1799,2067,1363,2830,1410,1750,1938,866,1541,1985,1270,1123,2022,3575,1754,2506
C[T>A]A,1568,2024,1582,451,3677,919,1246,993,458,738,1560,973,847,1369,1454,1102,1676,1436,921,1781,1148,899,733,1043,1842,1852,1054,1095,860,1136,2492,1042,1725,1710,552,1516,1272,1638,1819,1873
C[T>A]C,1147,1514,1225,1181,1940,503,1486,922,1431,816,1696,1319,697,1463,835,1189,1647,1432,915,1355,1540,824,1176,1503,1548,1389,725,1146,830,1973,1485,1821,1508,617,714,2031,841,2157,992,1418
C[T>A]G,1709,5107,1799,3323,2382,2847,4032,2209,2258,3948,4128,2150,4142,1396,1954,3351,2249,3201,1449,5386,3926,1573,2111,2140,5355,4734,1640,2486,904,9164,1768,3674,5056,1887,2613,3770,2213,3122,2267,3584
C[T>A]T,683,2488,878,478,2240,1211,900,1155,766,398,2248,511,1245,1551,700,1577,517,1560,539,995,1226,1084,757,1249,1846,1714,794,917,836,1221,1850,1137,853,693,1561,527,1167,1708,1607,1371
C[T>C]A,673,952,315,664,1463,534,674,671,908,399,1158,687,925,757,615,482,223,856,744,717,1072,739,960,629,520,619,318,859,691,877,823,426,407,460,771,630,964,1207,416,1041
C[T>C]C,285,402,288,273,475,519,488,223,551,199,417,939,432,607,449,233,247,400,783,419,477,374,1070,287,531,504,167,360,601,521,224,308,420,364,694,262,766,642,378,630
C[T>C]G,777,1155,809,498,1224,652,715,547,904,600,1365,1018,1122,715,701,463,817,711,521,807,609,1032,1603,863,773,1022,704,741,1144,830,657,442,616,817,850,453,851,1131,469,1224
C[T>C]T,529,526,359,307,860,1008,738,212,802,359,243,584,659,597,401,386,421,608,963,325,808,700,1286,522,399,399,190,375,1039,259,510,353,344,222,900,224,1047,537,459,782
C[T>G]A,112,118,127,75,169,71,104,92,98,81,91,151,171,155,72,96,118,176,151,114,172,160,185,93,179,171,69,127,112,99,101,69,45,120,273,71,242,293,103,280
C[T>G]C,251,94,104,102,116,63,27,40,294,25,76,288,189,364,181,86,53,162,198,107,238,158,190,81,84,183,35,108,253,64,83,67,40,134,170,128,307,141,87,354
C[T>G]G,383,561,417,251,927,312,566,169,280,298,884,616,785,443,314,416,412,401,435,671,387,544,457,373,346,528,377,379,518,572,429,360,356,360,324,300,437,683,289,873
C[T>G]T,2745,185,190,131,385,150,174,98,250,197,197,2173,496,2571,332,242,148,184,437,219,917,307,354,250,189,283,74,202,519,119,808,91,159,122,227,1701,858,442,163,603
G[C>A]A,1656,4957,2750,3837,6430,1791,5389,4186,3504,2394,3100,2536,3971,4153,2022,2101,2972,1945,2270,2796,4214,2128,2327,1614,2239,3515,3123,2562,1412,2920,6644,3980,3952,1745,2876,2207,3512,5133,2688,2593
G[C>A]C,2555,5880,4238,3128,4766,3716,2177,1433,844,2809,6520,4017,4423,2918,2451,1959,2267,3331,2870,3573,3715,1601,2986,3527,2394,3500,2327,3902,1139,6928,2584,4819,3106,3178,3766,3218,2102,5932,4298,8271
G[C>A]G,887,1764,768,1140,2981,795,1877,680,849,956,1858,1154,1465,1414,835,1852,1776,1588,649,1753,1392,2651,968,877,2297,1317,1030,2329,1172,1925,1579,972,1836,935,697,1633,1075,3310,802,1297
G[C>A]T,776,3612,1311,826,4802,2181,2859,2398,1289,1385,2726,3046,3659,2053,991,959,2124,1637,962,1987,2059,2301,1280,1404,3619,2331,2172,1428,1297,1938,2926,3043,2546,2401,1049,2805,3305,3494,2748,4253
G[C>G]A,431,994,440,574,2071,552,442,353,576,517,616,632,411,531,343,390,656,637,563,535,467,634,521,634,675,515,331,956,410,742,444,513,904,574,531,658,906,1042,405,988
G[C>G]C,616,714,337,297,1242,526,379,573,540,569,812,692,509,249,540,489,926,760,518,487,689,648,615,657,926,700,403,302,600,902,543,470,878,502,390,951,623,1389,753,543
G[C>G]G,227,391,260,371,615,443,707,186,362,238,498,155,535,180,238,147,420,411,195,325,413,448,272,317,232,336,274,492,145,580,429,391,390,220,378,262,301,911,464,423
G[C>G]T,204,474,502,362,487,259,202,137,459,148,425,792,638,505,258,300,551,523,513,314,394,337,385,223,314,320,251,397,714,596,309,300,341,484,324,204,507,563,396,876
G[C>T]A,705,707,583,681,1116,601,436,288,528,224,554,1140,1026,676,607,790,273,666,682,740,960,1559,1359,679,638,839,299,512,869,568,553,445,372,596,1037,404,681,1146,567,1173
G[C>T]C,531,665,591,839,756,298,569,650,723,497,841,855,1391,494,823,739,406,678,794,904,735,776,1497,557,484,857,334,715,1517,721,590,724,618,457,1254,546,1133,1571,426,1094
G[C>T]G,182,75,210,151,206,85,105,186,685,120,93,607,134,332,294,594,233,176,165,337,225,759,585,353,315,97,122,256,661,153,133,164,113,140,580,375,217,156,138,215
G[C>T]T,214,626,342,334,1395,533,327,486,882,256,244,870,831,1343,552,693,732,603,607,588,965,1945,1321,528,550,466,393,342,1385,705,472,391,576,502,913,503,1348,863,477,932
G[T>A]A,802,1433,1120,1119,2456,795,1405,1182,665,386,793,819,873,961,613,766,981,499,1139,1316,911,1111,685,736,785,1032,1168,700,510,1756,1312,993,1393,1158,1062,1239,564,2093,1118,1402
G[T>A]C,248,560,272,267,1376,258,527,235,228,400,567,237,425,242,181,414,343,417,344,313,273,333,380,265,815,393,190,281,275,950,377,278,301,220,260,416,450,980,431,668
G[T>A]G,692,1348,2055,1016,1887,912,845,1361,1066,352,1570,1008,1355,778,957,1649,1351,1079,1137,580,911,601,941,1137,1588,1144,1633,1741,755,1531,762,1582,2724,1269,640,1485,986,1864,2529,961
G[T>A]T,419,636,537,436,1365,424,687,330,489,478,643,641,441,303,271,439,726,591,497,702,827,262,521,451,738,871,412,314,550,619,646,746,444,727,370,1098,437,1071,349,981
G[T>C]A,302,515,339,350,367,483,334,233,921,198,426,842,788,588,424,447,495,337,495,489,688,883,742,420,450,365,260,348,624,426,296,279,269,242,770,264,388,766,546,687
G[T>C]C,129,262,109,144,349,98,84,121,466,139,116,366,416,331,230,240,124,223,233,187,377,265,467,151,171,198,80,136,345,203,189,133,195,191,695,82,257,295,174,259
G[T>C]G,277,635,310,387,940,244,139,250,612,282,403,1003,845,490,528,397,324,397,561,484,532,872,1282,514,370,559,188,447,994,194,317,249,309,254,1145,189,600,568,248,492
G[T>C]T,166,124,161,194,247,142,156,67,268,72,113,486,337,347,354,253,97,313,443,240,612,545,586,223,188,166,57,279,410,75,219,132,85,142,620,73,744,338,128,551
G[T>G]A,63,143,66,21,103,44,111,66,155,57,119,182,109,87,162,125,62,108,138,114,124,156,164,91,97,158,78,67,108,153,78,50,80,123,127,38,181,196,100,212
G[T>G]C,58,51,28,52,90,46,22,22,54,34,66,85,68,91,48,27,17,52,76,34,87,103,89,41,68,56,27,35,81,39,61,27,29,32,108,34,109,49,45,143
G[T>G]G,150,259,119,257,622,221,185,172,345,168,141,304,481,342,294,438,252,498,261,339,533,329,516,211,286,475,317,209,259,148,185,183,380,261,310,392,373,512,251,471
G[T>G]T,363,85,16,46,47,79,50,20,145,20,48,526,137,499,40,69,39,134,178,47,383,111,189,73,94,74,24,60,199,18,222,40,33,51,72,489,363,132,61,165
T[C>A]A,5230,6265,2364,4050,9809,2684,4203,4508,1691,3904,5659,8311,2975,4055,2051,4102,3375,3679,2664,3332,3958,5111,3507,3040,6394,2600,3930,3472,2306,4652,4831,4085,3392,4655,3949,3894,2140,6430,4889,2501
T[C>A]C,3181,5298,3168,3046,6203,2391,5369,4764,4240,4643,6868,6640,3231,5603,3240,3421,5309,7998,2921,5772,5019,3943,4103,2652,5956,7075,5273,4906,2923,7740,5732,2682,6908,4442,3927,7252,3212,13358,8227,4458
T[C>A]G,932,1387,1308,937,1864,826,693,625,452,1326,997,551,1834,736,512,689,1325,936,1365,1353,1207,620,1000,987,1880,1955,723,912,598,1217,761,719,935,1682,824,544,805,2020,1294,935
T[C>A]T,3281,5777,10004,2027,5043,3892,4145,1952,2501,5054,6473,4603,5203,4408,3241,3533,7318,5764,3721,5704,2123,2801,3984,2557,5957,2806,2112,7039,2403,5681,3579,3165,7035,4685,3975,3590,3420,12415,4876,3831
T[C>G]A,1446,450,641,1330,4867,3851,401,301,1586,1135,401,884,653,526,806,1624,321,1064,769,683,506,515,922,569,430,756,314,4060,1638,630,381,421,658,371,396,959,679,1595,1601,820
T[C>G]C,830,1045,629,713,2502,896,664,239,698,506,720,648,1082,463,715,888,558,673,1037,677,906,540,850,773,1118,805,500,1254,988,1033,670,382,1001,512,942,684,1218,836,1131,2044
T[C>G]G,162,267,162,287,660,344,140,197,192,272,214,267,230,214,171,338,129,199,133,184,248,269,228,158,162,210,228,344,179,165,199,119,280,183,301,278,239,582,327,177
T[C>G]T,3032,1137,597,1399,4494,4473,319,211,1548,1904,211,1027,895,802,1068,2179,399,1543,849,562,835,528,941,626,655,620,177,2240,3909,340,446,573,815,389,939,1001,1232,1677,1430,1231
T[C>T]A,380,1645,502,632,975,887,1104,541,4007,1168,440,2110,1334,3892,2961,1925,1966,3997,748,454,1296,668,1619,2685,663,4504,477,850,2016,644,548,3909,2707,3066,5102,964,5205,949,959,1409
T[C>T]C,556,1213,894,763,1908,1163,823,445,1156,850,865,1108,1904,2371,1454,1041,1230,1854,1136,1739,2035,1474,1266,1298,1115,2154,332,1089,1509,1413,794,1365,1689,1152,2509,917,2258,1825,797,975
T[C>T]G,112,269,115,296,238,83,79,170,1053,106,109,442,377,683,720,305,226,339,277,312,345,874,1036,770,224,573,93,286,925,100,164,411,424,528,734,114,589,111,212,224
T[C>T]T,681,1775,619,1533,1871,889,831,445,1866,935,1134,1401,1826,4256,2569,2016,1613,2011,1122,471,1648,2164,1689,2889,939,4160,836,1224,1492,1233,949,2277,3280,2221,2120,751,2448,1827,1311,1847
T[T>A]A,678,1438,278,661,1649,689,2069,966,493,1079,1330,858,921,800,687,807,558,784,736,1291,1341,590,1045,706,847,2049,265,1593,391,1742,1335,1054,1230,547,634,1609,894,2110,1245,681
T[T>A]C,297,472,833,255,773,372,382,327,404,218,687,363,559,577,362,575,313,686,485,690,427,627,701,237,610,587,213,496,426,918,467,345,696,451,497,389,1202,837,452,1081
T[T>A]G,446,1985,949,469,1694,803,880,1006,1084,561,2222,1240,1467,1000,781,673,650,652,332,1495,854,720,736,832,1859,1429,1514,1483,715,856,671,645,921,794,744,709,1138,1358,1042,1233
T[T>A]T,572,533,503,358,1460,371,544,434,782,513,969,1005,684,934,370,499,474,819,795,972,1243,564,1000,392,1119,919,429,350,612,479,573,382,656,382,1042,340,1471,769,842,1349
T[T>C]A,371,671,258,300,482,247,394,273,736,225,824,596,581,614,454,345,176,550,429,396,657,638,1423,318,466,366,157,261,672,510,411,404,228,384,1140,256,404,706,436,700
T[T>C]C,126,166,44,76,158,89,103,58,750,77,101,272,305,222,252,177,65,326,246,97,377,452,452,137,178,170,63,129,542,87,98,64,55,151,339,68,665,223,84,382
T[T>C]G,288,340,215,282,713,144,146,182,682,177,204,509,596,354,281,424,227,373,474,382,478,526,332,210,242,356,100,292,714,194,254,256,283,232,483,207,339,458,223,777
T[T>C]T,216,153,152,245,332,208,128,68,717,85,115,384,555,505,177,449,92,358,501,231,498,1272,1680,612,166,253,43,422,1034,106,138,126,87,163,676,75,517,409,162,628
T[T>G]A,86,150,51,48,174,70,51,39,197,39,54,270,261,274,84,82,60,299,334,96,263,248,376,136,88,110,19,130,277,129,115,71,57,102,313,33,341,94,86,378
T[T>G]C,139,132,39,71,63,113,19,18,212,36,21,225,309,285,180,123,33,234,280,44,616,331,284,126,103,120,14,94,469,14,68,26,31,95,336,42,630,105,37,339
T[T>G]G,269,169,422,224,771,214,330,151,628,267,526,343,533,432,362,123,240,415,329,324,551,470,647,241,428,341,193,176,480,315,440,354,302,259,348,227,505,362,193,608
T[T>G]T,632,232,72,91,281,226,86,48,592,76,99,628,547,852,393,272,79,528,645,206,767,455,791,223,329,259,147,213,1339,118,285,131,117,151,399,382,1460,383,144,758
