Type,Ovary-AdenoCA::MSI-H.S.1,Ovary-AdenoCA::MSI-H.S.2,Ovary-AdenoCA::MSI-H.S.3,Ovary-AdenoCA::MSI-H.S.4,Ovary-AdenoCA::MSI-H.S.5,Ovary-AdenoCA::MSI-H.S.6,Ovary-AdenoCA::MSI-H.S.7,Ovary-AdenoCA::MSI-H.S.8,Ovary-AdenoCA::S.111,Ovary-AdenoCA::S.128,Ovary-AdenoCA::S.160,Ovary-AdenoCA::S.181,Ovary-AdenoCA::S.225,Ovary-AdenoCA::S.255,Ovary-AdenoCA::S.285,Ovary-AdenoCA::S.289,Ovary-AdenoCA::S.291,Ovary-AdenoCA::S.333,Ovary-AdenoCA::S.344,Ovary-AdenoCA::S.373,Ovary-AdenoCA::S.387,Ovary-AdenoCA::S.401,Ovary-AdenoCA::S.403,Ovary-AdenoCA::S.404,Ovary-AdenoCA::S.432,Ovary-AdenoCA::S.448,Ovary-AdenoCA::S.469,Ovary-AdenoCA::S.50,Ovary-AdenoCA::S.502,Ovary-AdenoCA::S.527,Ovary-AdenoCA::S.59,Ovary-AdenoCA::S.617,Ovary-AdenoCA::S.638,Ovary-AdenoCA::S.666,Ovary-AdenoCA::S.681,Ovary-AdenoCA::S.683,Ovary-AdenoCA::S.751,Ovary-AdenoCA::S.779,Ovary-AdenoCA::S.79,Ovary-AdenoCA::S.88
A[C>A]A,70,352,282,86,307,161,388,92,348,382,378,261,444,473,279,234,360,324,451,498,240,156,557,433,395,259,306,468,239,363,309,324,302,416,360,277,437,311,297,284
A[C>A]C,55,388,184,88,362,209,300,67,287,216,242,338,196,325,218,158,261,457,185,171,206,157,297,292,182,153,257,192,233,279,230,145,197,254,217,130,252,518,171,335
A[C>A]G,7,49,131,19,26,49,37,15,35,43,47,12,30,30,38,25,31,17,51,29,17,32,12,29,19,32,21,23,23,39,68,24,32,29,18,53,27,54,42,24
A[C>A]T,42,151,186,67,319,212,203,54,232,194,172,187,228,136,174,360,212,172,256,203,265,132,225,214,231,218,114,215,249,184,148,169,212,210,179,212,368,212,128,186
A[C>G]A,101,191,343,186,461,290,538,159,283,138,267,246,173,232,227,238,302,510,236,304,250,349,235,302,231,171,287,240,305,411,190,226,197,244,164,250,394,259,536,200
A[C>G]C,66,151,195,90,332,91,246,60,196,149,162,157,130,136,169,145,184,147,212,146,176,263,103,161,111,131,191,154,113,166,143,159,169,125,95,137,273,230,141,223
A[C>G]G,30,56,49,26,30,30,73,32,9,7,8,23,16,29,10,12,26,6,35,20,18,7,10,19,15,23,6,34,12,38,33,6,16,12,20,21,22,19,28,5
A[C>G]T,266,320,456,138,400,247,465,117,189,289,270,280,374,198,289,275,218,272,455,303,249,189,243,299,243,282,386,231,224,279,217,190,146,286,240,134,365,356,186,341
A[C>T]A,261,1137,837,720,999,709,942,364,180,397,262,233,222,359,280,340,422,198,435,280,212,333,461,323,360,382,320,296,314,442,523,235,327,212,274,341,414,462,343,236
A[C>T]C,154,756,794,246,847,296,356,242,270,285,194,188,111,222,236,222,202,416,160,185,228,168,165,294,197,422,239,283,258,186,176,253,131,202,193,169,255,398,194,172
A[C>T]G,479,463,507,748,1053,736,552,431,221,286,277,118,261,171,212,299,291,439,164,272,265,168,286,310,228,550,151,169,383,216,146,208,222,144,353,141,367,406,311,123
A[C>T]T,181,965,570,491,395,447,673,307,248,168,265,245,174,270,327,257,248,188,360,242,232,215,267,246,211,378,366,327,213,289,315,250,208,226,165,277,528,301,143,212
A[T>A]A,125,247,314,153,369,287,604,66,64,90,86,65,129,76,116,82,89,137,126,89,108,76,44,120,89,68,136,125,137,101,141,87,56,84,101,90,124,120,109,89
A[T>A]C,148,157,329,207,357,182,338,120,143,116,89,118,91,106,99,117,128,176,108,138,67,150,117,137,107,210,165,117,57,43,81,61,85,58,96,152,124,171,98,82
A[T>A]G,88,312,569,121,510,168,381,112,140,190,152,101,129,140,100,172,111,205,196,130,133,105,193,167,166,157,153,178,102,130,122,92,143,117,105,142,203,199,157,197
A[T>A]T,592,335,399,439,375,711,4382,273,127,137,69,141,115,85,180,106,112,107,143,71,90,92,56,127,96,128,107,168,64,155,106,155,129,143,92,158,191,120,140,118
A[T>C]A,1761,2270,3180,2553,3842,1957,2686,1188,437,422,341,462,209,400,333,264,312,495,352,227,339,269,405,567,284,788,276,285,338,313,476,368,287,303,249,324,459,453,442,308
A[T>C]C,429,341,1104,613,1054,643,772,503,172,161,176,105,117,152,97,119,138,210,191,91,98,132,124,225,159,151,185,148,183,123,155,125,171,124,107,170,189,244,110,195
A[T>C]G,1050,904,2083,1559,2362,2507,1889,575,397,413,251,188,263,245,281,183,326,348,363,174,219,229,171,433,321,277,187,265,280,320,209,270,202,178,126,257,335,394,296,409
A[T>C]T,1005,1194,2114,1155,2286,1598,2220,732,349,567,198,283,297,412,344,454,470,375,319,290,212,327,313,344,281,350,333,323,364,410,336,320,229,319,231,356,657,526,364,308
A[T>G]A,136,137,129,265,206,136,735,87,56,69,84,85,86,95,100,95,112,131,110,96,82,116,45,100,86,62,79,70,49,103,61,98,84,96,108,75,128,100,79,51
A[T>G]C,65,61,146,137,224,98,152,64,59,53,47,57,47,59,71,101,70,27,59,42,69,42,61,71,54,66,37,70,27,89,50,70,59,70,44,51,55,66,73,44
A[T>G]G,74,338,471,94,403,139,294,121,109,169,108,148,95,89,114,120,124,91,81,121,112,148,66,161,139,71,130,150,121,101,83,76,87,97,106,92,157,195,90,121
A[T>G]T,206,209,313,259,364,285,585,112,114,77,119,125,142,131,137,98,206,42,174,142,92,94,50,106,126,102,80,156,41,303,176,179,120,178,101,223,118,133,161,36
C[C>A]A,91,129,555,170,159,224,251,57,402,314,374,376,406,307,314,213,347,156,320,593,249,216,421,408,399,203,603,487,324,412,298,344,254,315,481,247,499,418,259,395
C[C>A]C,45,131,246,110,102,182,134,52,307,374,242,276,236,210,261,285,400,682,782,442,215,501,307,319,320,341,591,466,398,355,349,445,286,189,289,275,628,774,314,378
C[C>A]G,21,42,56,19,78,95,54,45,41,62,39,41,72,51,37,30,58,63,73,42,39,44,46,86,44,54,43,62,53,56,51,45,32,47,65,37,70,57,44,40
C[C>A]T,111,186,364,151,512,222,243,106,209,300,189,263,276,271,174,256,231,130,254,218,191,261,233,224,194,178,213,244,222,240,137,111,222,249,206,221,331,294,181,218
C[C>G]A,27,145,195,98,280,149,217,85,254,405,256,254,203,163,193,255,265,285,321,312,207,347,268,195,160,186,160,255,165,262,110,178,299,241,182,186,344,419,291,343
C[C>G]C,33,297,370,95,276,248,200,47,245,249,139,244,170,221,266,171,180,224,174,210,160,248,164,235,163,138,259,138,247,175,138,268,178,234,138,193,306,351,119,265
C[C>G]G,10,45,137,29,124,43,48,22,35,28,31,33,29,32,26,26,43,25,25,29,34,15,37,45,28,25,18,9,42,22,29,31,23,23,23,22,29,32,16,26
C[C>G]T,92,238,388,117,202,212,413,74,231,236,312,263,189,349,315,217,287,641,532,351,301,458,305,290,180,216,333,320,232,269,303,238,475,245,309,368,334,587,353,477
C[C>T]A,175,597,791,171,742,457,968,216,182,281,312,229,364,368,268,243,423,296,339,309,306,271,192,344,206,362,401,301,274,397,321,349,173,397,190,257,510,359,274,334
C[C>T]C,109,830,650,216,662,414,420,194,281,473,280,206,176,332,242,316,385,303,266,429,143,376,267,245,319,311,328,220,306,258,228,285,261,301,433,383,336,513,353,349
C[C>T]G,409,716,1191,876,1059,1036,677,478,102,259,143,134,273,143,222,213,170,394,144,208,136,162,371,261,157,320,205,175,203,143,169,90,168,172,310,178,312,224,141,111
C[C>T]T,196,510,830,300,760,646,706,281,405,211,430,372,191,262,394,346,318,485,344,231,349,189,442,441,356,614,391,549,539,352,294,263,416,338,220,348,459,550,448,362
C[T>A]A,74,126,164,87,183,65,200,43,110,75,68,73,89,65,65,78,76,253,83,90,139,174,139,108,55,74,185,115,113,106,29,43,104,76,82,61,132,128,56,81
C[T>A]C,66,169,183,50,147,145,264,61,212,414,226,198,155,192,264,135,111,231,164,241,180,449,228,165,143,183,271,132,283,168,145,196,221,244,180,215,309,471,165,229
C[T>A]G,63,81,307,97,220,180,240,86,273,200,159,120,209,129,151,144,141,235,245,104,209,194,220,186,143,118,212,101,202,104,78,99,96,84,182,82,230,245,86,155
C[T>A]T,233,68,306,90,95,227,334,63,120,249,228,181,155,129,164,257,154,336,213,133,128,288,227,119,147,134,196,116,147,169,137,211,159,182,228,149,207,266,146,132
C[T>C]A,592,551,1055,1224,1651,874,1156,515,135,268,258,201,157,145,146,175,188,164,176,198,150,171,130,201,88,244,224,186,134,146,168,120,136,144,151,166,229,228,153,236
C[T>C]C,344,448,805,493,998,781,746,166,166,279,161,118,245,210,141,93,238,250,196,147,193,278,126,105,217,251,271,324,149,204,137,213,196,136,160,178,284,275,245,172
C[T>C]G,564,702,1085,1780,1890,1720,1357,1305,282,206,179,180,79,147,161,169,169,184,218,152,194,197,162,330,218,216,290,173,117,189,197,175,197,198,182,199,256,214,269,178
C[T>C]T,951,929,1163,1093,2314,1008,1678,579,206,265,265,191,222,267,191,194,283,105,265,265,217,286,189,275,232,263,183,234,362,203,198,268,277,223,174,225,337,262,325,147
C[T>G]A,66,31,131,97,77,127,205,69,59,74,64,57,63,67,72,87,59,46,79,36,70,81,44,65,62,50,48,69,54,50,33,54,62,60,27,47,67,89,72,49
C[T>G]C,113,196,207,261,321,187,195,92,94,83,118,60,54,94,112,49,76,164,120,119,100,130,117,133,65,94,79,71,129,100,66,59,118,123,89,109,148,224,108,106
C[T>G]G,142,212,412,137,370,138,345,119,232,181,100,116,125,99,146,119,124,149,139,112,140,200,96,228,145,195,114,152,165,147,89,141,169,198,90,165,154,398,137,188
C[T>G]T,266,198,578,233,347,320,822,149,175,151,131,143,117,124,100,89,209,152,156,235,99,119,94,113,152,158,155,222,79,147,154,182,99,178,112,218,257,262,158,104
G[C>A]A,104,261,196,143,218,250,277,59,144,145,168,127,368,206,128,117,165,85,207,115,200,94,232,216,68,168,245,302,120,224,247,248,169,187,283,89,302,184,117,118
G[C>A]C,35,164,462,78,166,130,174,38,186,187,145,163,182,136,108,94,165,172,286,163,164,145,254,194,136,184,111,193,172,219,143,158,165,113,181,128,202,190,152,187
G[C>A]G,13,43,182,23,47,60,50,32,29,28,25,41,29,21,31,25,23,47,33,26,54,19,33,56,19,15,22,57,28,35,25,23,19,32,53,19,44,33,22,21
G[C>A]T,54,140,191,90,264,120,280,96,128,181,161,80,285,174,173,115,234,154,216,194,174,230,271,305,112,243,207,289,133,147,108,209,145,146,171,134,301,176,187,135
G[C>G]A,62,73,130,55,199,73,277,28,240,190,143,145,147,97,112,153,194,214,245,139,117,246,116,137,191,130,198,140,202,150,89,88,193,138,101,122,157,225,74,159
G[C>G]C,64,164,281,79,118,84,106,82,147,120,125,119,124,70,143,64,119,117,185,102,103,157,120,80,105,124,207,91,179,110,88,46,130,88,105,134,182,148,89,116
G[C>G]G,7,36,70,13,41,21,23,15,43,21,28,22,20,28,13,22,30,40,35,33,11,58,48,39,34,35,29,32,41,39,19,20,30,27,18,20,65,37,28,54
G[C>G]T,52,124,190,114,222,132,213,50,251,181,244,148,179,105,167,173,126,403,166,269,203,174,172,251,240,164,310,251,168,221,110,222,151,174,92,134,287,385,192,225
G[C>T]A,155,615,1071,219,506,339,634,130,305,269,325,350,444,257,211,265,240,379,340,245,273,287,305,403,243,424,350,205,391,231,299,237,187,284,229,256,353,474,196,296
G[C>T]C,227,829,1214,248,1182,407,748,310,268,314,248,183,202,276,293,211,357,190,258,320,176,183,209,208,290,185,170,329,239,161,212,271,175,219,206,188,273,287,164,318
G[C>T]G,692,526,464,598,869,1067,1178,428,98,173,214,81,204,198,198,144,145,186,92,242,123,116,159,279,217,224,171,141,238,77,133,97,143,49,328,188,386,126,151,146
G[C>T]T,288,455,1058,362,722,354,592,246,204,273,243,254,160,161,155,203,240,261,259,165,150,146,150,346,175,235,136,256,155,232,130,133,265,229,170,275,295,301,235,205
G[T>A]A,32,76,247,56,180,80,222,50,218,117,61,101,53,85,133,93,99,123,81,183,106,136,69,100,63,128,94,44,86,106,72,85,67,72,49,69,154,114,100,115
G[T>A]C,68,76,92,65,165,97,130,30,98,78,70,71,109,82,118,76,84,113,134,116,49,72,57,94,87,78,185,101,108,107,83,66,48,66,84,88,168,134,95,84
G[T>A]G,47,74,226,68,136,84,107,38,299,151,144,54,65,87,70,85,177,384,182,217,123,255,145,97,111,67,142,160,123,115,104,183,117,106,95,140,205,157,137,175
G[T>A]T,72,98,161,112,83,106,184,51,164,108,244,195,78,116,137,102,132,189,169,102,174,164,197,208,108,115,125,107,118,151,76,236,190,155,109,94,117,287,158,129
G[T>C]A,1341,648,1204,2391,2090,2366,1711,1335,243,136,179,196,163,158,162,222,167,251,161,111,179,219,119,172,150,333,146,177,209,113,89,93,149,168,89,121,219,219,90,131
G[T>C]C,440,299,735,766,946,558,1076,379,141,55,102,62,81,74,83,74,112,183,74,49,61,94,50,81,105,157,79,109,137,74,84,99,87,76,120,94,90,169,75,136
G[T>C]G,857,920,1761,1276,2936,787,1464,1044,262,224,136,126,116,192,150,167,226,384,194,131,156,173,150,202,102,245,253,143,143,123,95,173,172,159,133,166,188,233,164,241
G[T>C]T,803,678,1691,1243,1515,1598,901,539,227,336,104,156,131,165,171,106,145,234,125,217,123,196,123,177,154,177,138,119,76,151,109,124,195,159,99,188,213,250,159,161
G[T>G]A,35,105,141,49,152,90,111,39,85,60,35,35,34,47,38,74,83,81,29,42,44,44,62,46,24,78,54,45,95,45,41,45,58,78,48,54,43,108,45,50
G[T>G]C,21,55,62,39,83,86,83,49,66,60,29,36,23,32,22,30,32,30,53,36,23,56,22,33,28,35,13,32,29,32,29,27,21,33,38,23,32,52,24,18
G[T>G]G,41,268,218,151,193,83,183,85,55,131,160,87,114,154,87,82,100,268,211,135,153,67,152,113,92,124,133,227,90,135,129,132,89,102,56,101,166,219,105,179
G[T>G]T,86,109,143,161,198,257,287,76,152,65,107,65,63,82,38,83,64,91,71,75,58,99,77,73,64,110,72,82,33,73,125,106,60,81,52,90,151,92,45,45
T[C>A]A,71,180,228,97,211,150,227,97,309,161,192,328,398,260,205,216,267,147,311,278,382,146,243,262,331,278,152,297,117,245,256,223,145,274,418,223,404,247,143,106
T[C>A]C,37,197,539,85,267,138,170,117,375,209,181,265,375,211,192,237,242,263,417,288,320,217,215,399,215,229,155,399,255,323,305,232,394,333,268,252,351,602,208,156
T[C>A]G,7,25,124,49,93,41,44,22,24,20,64,26,57,38,55,58,25,22,41,38,38,25,45,31,32,37,22,62,31,52,50,22,19,27,44,43,72,56,43,39
T[C>A]T,176,354,371,239,594,264,387,99,235,169,312,241,457,150,294,188,207,126,301,231,375,194,442,212,195,219,134,401,121,200,302,206,198,288,428,386,445,301,234,182
T[C>G]A,161,215,431,160,353,373,744,136,287,134,218,445,316,280,228,382,194,248,297,245,490,205,159,190,207,283,245,307,161,295,224,150,129,190,401,252,307,207,251,348
T[C>G]C,238,242,380,168,309,164,779,87,437,551,200,381,230,258,334,244,273,526,363,267,311,152,287,236,378,201,355,394,352,170,246,261,174,256,252,240,409,406,329,316
T[C>G]G,54,32,78,35,55,51,172,15,11,23,23,22,25,28,11,18,10,9,29,13,57,10,14,21,17,27,12,35,12,19,32,21,10,19,16,18,27,19,10,7
T[C>G]T,653,276,316,487,177,504,1256,318,256,287,336,562,482,410,228,787,401,593,751,281,959,137,280,592,426,405,468,629,237,401,381,295,240,339,330,335,753,407,269,409
T[C>T]A,224,568,1015,319,1003,399,764,182,182,200,414,471,514,342,455,280,377,92,260,238,419,121,834,283,242,234,217,634,281,452,390,273,821,214,277,689,354,444,563,178
T[C>T]C,158,530,1237,246,834,358,641,190,197,350,346,275,332,294,259,235,314,329,256,217,284,307,417,355,202,312,147,380,393,341,273,399,325,312,204,351,500,325,355,264
T[C>T]G,320,860,1014,394,535,791,621,241,109,172,100,106,124,149,146,179,118,150,87,107,76,141,328,181,77,246,132,157,130,109,102,112,123,139,233,116,135,206,177,105
T[C>T]T,387,449,718,339,619,559,549,260,182,194,452,292,199,248,232,259,307,197,209,201,341,138,394,299,348,233,132,445,145,309,363,183,366,194,191,567,219,367,330,242
T[T>A]A,1306,305,593,494,263,1285,3410,503,148,74,116,127,143,117,118,82,109,116,138,168,83,126,78,113,140,117,114,200,80,126,146,138,105,108,113,141,136,123,92,159
T[T>A]C,384,91,135,161,178,229,481,87,208,99,163,100,124,190,119,176,164,246,117,241,142,147,113,118,133,121,206,197,145,153,109,127,154,257,154,101,130,239,104,235
T[T>A]G,276,135,207,101,140,255,526,91,106,38,101,80,61,116,100,70,109,31,114,94,82,129,67,103,66,110,77,119,114,107,90,94,112,129,98,72,109,162,115,196
T[T>A]T,681,348,571,756,342,517,1866,239,306,143,256,216,249,180,281,154,196,244,272,319,315,185,132,245,206,153,216,337,212,238,362,169,176,256,234,175,284,317,209,159
T[T>C]A,1781,810,1724,1360,964,1488,3172,626,201,279,224,199,142,213,151,179,229,440,260,186,311,239,200,165,170,270,260,235,235,261,176,198,188,325,156,233,473,491,151,262
T[T>C]C,752,408,925,1504,1564,1255,1578,458,163,158,164,111,106,129,129,112,152,146,119,169,120,131,138,124,110,113,169,208,174,169,73,159,138,159,90,110,237,168,111,215
T[T>C]G,893,362,720,574,1278,594,1306,498,141,156,66,109,98,155,147,128,112,106,143,146,108,151,89,168,100,160,150,88,111,113,135,111,130,96,105,135,149,99,92,120
T[T>C]T,1342,974,1972,1745,1730,1697,2257,738,259,272,179,178,167,199,199,204,278,234,186,284,183,321,244,274,199,366,397,171,196,222,206,179,173,292,149,248,345,230,172,339
T[T>G]A,669,197,256,362,229,379,2202,292,170,108,107,95,129,154,120,99,123,151,141,87,124,156,58,115,88,78,77,97,82,101,91,92,64,139,79,130,155,252,160,112
T[T>G]C,298,174,302,154,255,210,646,67,78,128,83,104,127,152,97,117,127,58,109,126,110,47,101,115,142,135,136,122,68,99,106,101,99,101,142,136,182,204,125,137
T[T>G]G,264,200,278,309,161,154,608,151,160,111,127,200,130,173,137,129,161,225,174,181,134,95,131,143,108,99,118,87,148,84,110,106,143,92,89,130,180,162,212,65
T[T>G]T,1039,380,695,1707,1062,1228,5898,469,177,124,344,356,269,369,249,190,283,258,290,194,206,182,204,318,228,247,291,238,184,369,294,326,283,342,197,309,356,358,410,197
