Type,Skin-Melanoma::MSI-H.S.7,Skin-Melanoma::S.129,Skin-Melanoma::S.136,Skin-Melanoma::S.144,Skin-Melanoma::S.150,Skin-Melanoma::S.170,Skin-Melanoma::S.173,Skin-Melanoma::S.212,Skin-Melanoma::S.266,Skin-Melanoma::S.302,Skin-Melanoma::S.309,Skin-Melanoma::S.324,Skin-Melanoma::S.326,Skin-Melanoma::S.336,Skin-Melanoma::S.34,Skin-Melanoma::S.361,Skin-Melanoma::S.369,Skin-Melanoma::S.39,Skin-Melanoma::S.405,Skin-Melanoma::S.409,Skin-Melanoma::S.423,Skin-Melanoma::S.433,Skin-Melanoma::S.436,Skin-Melanoma::S.452,Skin-Melanoma::S.455,Skin-Melanoma::S.484,Skin-Melanoma::S.510,Skin-Melanoma::S.55,Skin-Melanoma::S.572,Skin-Melanoma::S.585,Skin-Melanoma::S.616,Skin-Melanoma::S.659,Skin-Melanoma::S.699,Skin-Melanoma::S.707,Skin-Melanoma::S.727,Skin-Melanoma::S.75,Skin-Melanoma::S.762,Skin-Melanoma::S.774,Skin-Melanoma::S.80,Skin-Melanoma::S.88
A[C>A]A,697,358,89,146,210,342,164,167,85,117,114,461,167,178,103,200,156,44,68,205,186,221,136,42,452,82,170,183,153,145,286,136,781,302,83,89,61,86,162,106
A[C>A]C,914,403,96,175,102,166,120,161,92,92,81,76,122,27,62,196,91,49,52,116,203,133,86,73,137,128,139,92,127,121,141,92,251,170,80,117,108,57,191,75
A[C>A]G,240,67,53,48,59,42,67,33,31,17,36,45,48,43,44,57,59,63,28,46,44,20,36,33,51,84,31,45,30,22,38,35,83,46,67,34,19,35,81,40
A[C>A]T,626,408,141,135,140,157,252,146,127,86,105,136,161,72,258,261,151,125,158,160,143,292,88,110,158,246,108,183,131,168,368,214,316,158,371,176,100,63,193,122
A[C>G]A,1006,152,80,147,73,147,67,106,23,56,87,20,142,19,42,91,76,38,64,44,92,113,36,42,52,67,27,78,71,96,76,87,59,102,110,73,34,25,52,62
A[C>G]C,642,94,45,66,69,47,42,60,17,40,33,30,92,15,33,73,62,15,55,15,75,80,21,15,32,76,33,41,18,26,56,21,74,62,30,56,52,20,74,25
A[C>G]G,249,105,45,27,26,65,83,41,56,19,22,48,20,65,47,61,33,24,28,65,43,39,71,25,58,27,51,45,51,20,57,80,126,37,27,29,25,18,55,29
A[C>G]T,834,209,122,101,118,124,134,117,55,44,70,87,161,50,121,210,90,61,83,64,163,127,93,35,60,94,92,107,71,115,164,75,216,125,124,100,82,53,119,59
A[C>T]A,3737,500,165,336,546,270,134,345,73,156,490,144,378,184,150,309,142,99,159,111,223,142,218,86,210,119,205,173,168,253,257,118,369,197,184,333,128,54,213,145
A[C>T]C,11026,10298,10324,4253,10789,10066,5829,6590,10846,5903,4082,4320,7034,7756,10021,4779,7491,10337,6266,9135,6670,10609,6558,6012,12299,7849,6542,9954,10848,7997,9832,10044,21889,7684,7468,10861,5933,5693,13431,9558
A[C>T]G,3585,155,29,97,57,56,100,326,6,41,133,24,111,48,25,100,116,9,42,106,23,189,45,76,159,30,46,257,19,20,105,31,292,43,145,71,127,35,15,24
A[C>T]T,5437,7470,2881,3563,1953,2690,4392,2419,3268,1544,1320,2877,1675,2396,3306,5617,2686,2981,4871,3555,5790,4224,4647,5512,5027,4505,3936,1293,1341,2772,4261,3774,8878,3049,4478,3112,4212,4757,5446,3066
A[T>A]A,1230,1482,1199,706,876,1010,1522,692,1568,533,667,772,889,1091,1246,1628,753,879,648,631,879,918,1036,684,929,1075,753,1481,794,1157,1010,1681,1529,469,2710,754,539,801,1512,1340
A[T>A]C,805,387,208,327,280,351,658,369,554,342,212,326,147,129,428,466,275,368,326,343,430,429,116,440,330,721,238,359,281,248,367,394,567,198,523,324,387,189,369,335
A[T>A]G,919,615,323,209,428,438,353,241,229,264,213,361,328,359,369,500,238,390,353,308,224,318,305,298,373,495,236,316,257,293,383,373,580,239,246,249,258,93,323,208
A[T>A]T,2451,2386,2007,2853,1388,1572,3671,3210,2045,1453,1403,2770,1091,1351,3675,1833,1846,2688,2186,2766,1391,2608,1616,3348,2801,3167,1663,2486,1707,1635,4428,1950,4486,1051,3520,984,2066,1268,2036,1529
A[T>C]A,6658,805,304,497,451,296,500,368,189,298,349,277,564,261,359,572,173,158,333,213,421,272,272,205,178,344,375,226,335,470,430,329,794,477,362,402,402,234,585,372
A[T>C]C,1364,373,139,140,266,136,100,145,164,124,117,130,246,60,145,151,147,129,215,142,204,159,142,176,140,257,114,181,163,136,250,167,187,114,234,142,88,93,180,107
A[T>C]G,2758,1061,184,367,315,320,143,191,153,320,240,208,787,163,210,280,253,120,244,170,190,236,206,99,312,205,186,193,189,367,342,215,506,128,205,291,209,162,217,136
A[T>C]T,3139,850,730,607,692,595,650,645,354,205,491,465,639,308,411,1078,641,406,1364,288,435,460,492,466,395,1380,491,459,745,415,864,331,1046,407,1011,573,922,437,616,181
A[T>G]A,325,304,227,256,242,156,542,343,305,200,177,220,137,175,225,297,271,216,268,332,267,400,165,225,349,511,263,199,213,441,614,294,438,321,783,91,307,256,355,127
A[T>G]C,340,213,140,117,105,173,263,72,167,71,129,168,78,113,160,227,139,57,150,133,157,260,151,52,191,233,120,217,129,134,198,165,433,122,234,99,126,96,165,60
A[T>G]G,885,537,313,213,291,276,307,174,218,113,128,262,122,183,183,260,266,236,239,169,211,235,185,270,262,373,175,259,169,112,317,241,489,196,377,184,202,171,320,132
A[T>G]T,666,368,214,242,253,205,350,156,137,89,117,170,189,174,206,349,215,170,377,186,161,293,223,185,164,604,185,230,288,146,233,352,301,170,346,171,309,250,226,261
C[C>A]A,810,734,438,259,198,188,948,265,317,216,174,275,299,223,347,556,257,230,525,280,237,333,262,189,312,514,270,251,674,327,344,424,592,663,599,178,406,371,394,243
C[C>A]C,1117,365,167,199,137,302,283,162,233,110,136,257,137,218,168,367,175,104,221,204,144,218,182,183,173,183,176,250,212,125,207,150,485,267,285,129,136,140,239,121
C[C>A]G,310,178,12,60,22,45,114,48,5,15,38,37,51,61,15,17,30,6,6,24,36,32,32,3,57,24,25,18,55,15,49,33,52,87,46,34,7,39,18,22
C[C>A]T,826,648,267,321,225,271,1117,357,244,178,104,416,157,215,249,313,236,264,146,383,279,364,317,329,693,415,273,325,376,265,370,320,816,451,486,210,175,323,300,172
C[C>G]A,383,143,29,70,34,76,21,51,17,13,26,29,93,62,38,47,51,16,17,46,51,34,36,4,36,26,34,56,42,23,48,29,97,67,13,33,19,5,35,35
C[C>G]C,919,226,101,143,108,164,121,197,77,55,110,119,122,175,80,144,103,58,60,198,161,109,144,61,161,97,137,176,120,111,184,92,255,108,110,82,71,66,91,113
C[C>G]G,297,113,71,42,42,103,45,43,45,26,42,140,61,63,63,57,35,29,55,102,51,65,91,43,197,62,83,70,64,62,89,62,161,70,75,49,54,30,75,35
C[C>G]T,753,377,105,127,111,171,170,120,38,74,105,104,161,103,105,169,116,68,38,148,127,211,130,40,202,61,94,117,78,130,110,136,195,114,126,90,71,49,98,44
C[C>T]A,20473,29311,11987,13114,25368,24808,26218,20489,22632,17092,8992,19589,18158,25873,36151,31034,8248,20128,19635,28483,32291,26448,17965,11635,27585,18027,16343,39732,16338,11807,27847,45780,48249,19345,47586,26474,27809,25252,34089,25072
C[C>T]C,34843,26108,16467,29037,21162,30678,27148,47597,26832,14224,14796,24180,18197,22937,43001,47509,6978,26758,23323,40398,24464,26339,40904,31659,55832,32611,28443,30651,30301,18208,34153,37347,72694,20274,31404,16764,17752,26825,59502,15143
C[C>T]G,10382,3183,3307,2732,2371,5563,6088,5168,2008,2481,2367,4566,2639,3214,5550,6665,1872,2436,3138,5795,2895,3191,3231,2200,4511,3315,4087,5741,3025,2830,5104,2969,8912,3288,6224,2685,4603,4565,3278,2798
C[C>T]T,30932,30845,22320,18751,22940,45056,37565,26195,33589,16214,17425,16976,13931,24143,19411,45970,13240,24030,20022,28848,18160,21192,30505,13095,23657,23979,17547,41192,17886,23109,29369,33464,78591,26827,70164,17454,41199,19098,32385,25644
C[T>A]A,470,198,148,111,95,146,138,120,119,84,91,130,108,91,107,86,133,124,136,164,146,127,113,100,153,147,136,143,147,114,191,164,342,158,169,59,102,63,263,95
C[T>A]C,579,389,366,183,125,251,537,168,105,162,114,178,107,189,233,210,181,239,97,295,202,412,114,156,373,394,211,222,159,234,294,149,622,223,245,150,110,135,130,86
C[T>A]G,404,171,56,86,71,108,125,107,65,33,70,122,62,138,125,93,65,61,99,100,51,69,84,55,145,79,86,91,99,80,142,101,220,56,124,77,107,53,90,83
C[T>A]T,795,601,763,358,158,192,980,353,208,173,173,203,93,139,407,376,452,345,229,582,635,647,178,239,1570,607,517,216,518,506,1761,363,773,273,1012,151,214,373,271,174
C[T>C]A,1024,556,415,289,284,290,498,287,232,275,215,311,345,268,324,335,279,225,532,438,258,330,361,174,537,502,305,322,201,332,531,459,787,211,311,245,406,172,482,143
C[T>C]C,902,408,198,262,132,218,273,235,186,135,138,190,206,116,202,262,122,102,222,193,204,253,150,112,162,152,158,215,107,153,215,129,395,129,297,143,123,110,188,126
C[T>C]G,1266,309,86,223,196,154,129,110,96,169,120,146,373,107,110,123,101,85,83,109,144,123,71,82,114,113,104,74,80,143,167,145,219,158,150,156,80,49,196,83
C[T>C]T,2853,1677,2438,1252,1178,1022,2163,1359,986,447,1055,1222,745,876,1277,1968,1010,780,2184,1438,778,1637,896,1288,1599,1705,1153,929,1364,1683,2186,1723,2974,2029,2391,753,1452,705,984,574
C[T>G]A,274,188,74,69,46,40,112,80,40,61,55,76,37,59,78,90,95,68,37,56,71,73,58,41,102,87,66,62,73,84,148,89,156,49,148,74,34,43,54,49
C[T>G]C,307,270,121,126,128,200,190,97,55,83,95,125,60,96,179,109,133,95,47,161,118,174,135,66,167,142,117,106,111,153,227,143,265,131,182,83,122,133,114,88
C[T>G]G,600,176,17,48,111,143,29,38,31,50,68,76,45,72,57,62,31,6,23,65,64,76,63,6,171,17,85,70,57,17,142,44,133,104,10,48,11,17,62,53
C[T>G]T,530,167,36,56,570,90,110,99,19,35,56,12,72,2,30,77,89,37,22,23,89,109,16,15,79,67,50,42,33,62,99,46,77,69,66,61,10,19,48,20
G[C>A]A,756,230,50,106,98,183,72,64,20,61,57,65,65,96,58,103,105,17,35,63,116,95,23,41,122,25,58,75,70,48,95,74,195,79,91,111,30,12,105,41
G[C>A]C,601,223,73,87,102,103,161,86,65,63,133,68,134,48,66,203,73,34,72,110,123,160,81,38,62,44,74,114,75,92,133,172,107,98,123,122,56,53,199,48
G[C>A]G,155,80,20,42,26,29,14,30,18,30,34,25,39,26,22,31,25,31,30,18,53,53,25,25,27,20,12,32,23,26,40,34,46,42,21,27,18,14,37,20
G[C>A]T,536,50,8,56,69,69,33,25,2,28,69,9,46,19,14,71,31,4,5,11,33,30,13,2,20,1,23,14,24,15,54,17,39,57,20,59,16,8,31,10
G[C>G]A,229,153,20,31,15,27,20,31,15,19,14,23,60,6,13,81,21,5,22,8,35,47,11,6,10,16,20,24,10,13,33,41,23,26,19,44,12,13,28,27
G[C>G]C,443,138,30,39,83,51,30,55,14,24,50,29,61,32,38,43,39,16,36,58,41,64,41,24,64,42,32,29,39,23,50,43,119,55,41,48,13,25,43,29
G[C>G]G,161,55,32,42,30,58,20,46,35,30,19,41,24,36,34,34,30,30,19,15,28,23,39,28,89,33,25,46,20,12,46,24,58,34,18,20,41,12,27,24
G[C>G]T,285,134,63,93,65,63,51,62,11,28,40,39,85,43,59,38,39,33,34,46,89,53,39,20,56,53,50,54,41,46,71,53,74,51,51,47,37,24,58,21
G[C>T]A,2061,512,102,168,204,123,65,115,42,49,117,115,130,103,59,147,76,32,73,80,154,102,106,30,167,83,88,92,92,152,156,106,177,98,62,162,53,45,140,79
G[C>T]C,8673,6548,3511,2821,3491,6345,11215,4811,3614,4882,4418,5148,6230,6966,2903,4612,3655,5910,5986,5829,5443,5558,4798,5169,6262,8200,5492,5836,5591,5863,6556,7108,15115,5304,11138,3802,5653,5702,5584,4195
G[C>T]G,4419,262,15,110,123,68,61,146,3,50,110,31,99,15,27,37,88,4,40,152,27,146,29,58,108,5,46,266,30,65,73,34,131,33,73,41,135,11,42,34
G[C>T]T,5300,3926,10808,5609,4075,6725,9897,3978,6290,7810,4836,11707,5643,5408,10892,6151,5715,4123,6543,8163,6377,7164,9705,4409,7202,10265,1816,3078,10003,6121,9480,4090,15989,5922,7696,7116,3585,5407,5916,5978
G[T>A]A,397,262,194,203,67,336,377,157,126,143,266,166,155,173,138,221,109,189,160,147,174,220,161,141,258,166,245,185,169,213,227,281,429,192,163,128,121,132,204,37
G[T>A]C,314,148,78,127,120,95,210,113,150,70,63,102,99,64,159,201,61,112,174,83,167,79,92,70,143,155,111,130,89,105,225,119,232,109,220,59,70,122,165,54
G[T>A]G,534,165,146,122,88,238,265,180,127,97,109,178,141,70,208,207,113,115,160,104,159,105,119,46,113,109,123,151,140,117,202,157,467,129,223,111,162,87,219,76
G[T>A]T,577,354,533,214,83,144,425,392,156,167,111,145,175,95,138,360,327,186,308,428,275,313,176,168,228,496,227,125,251,274,748,315,423,151,473,159,157,212,204,89
G[T>C]A,1371,139,76,212,168,157,90,103,23,104,84,54,176,99,103,165,81,52,83,46,127,112,67,26,58,103,65,64,85,95,156,94,114,101,65,104,73,29,109,82
G[T>C]C,701,96,75,97,100,63,91,71,20,63,83,18,154,30,37,109,52,47,79,34,91,100,40,45,33,71,44,44,42,68,84,67,87,46,82,70,51,43,62,34
G[T>C]G,1032,228,111,102,133,150,94,176,48,64,191,44,344,56,89,150,60,22,70,92,94,82,99,45,169,113,90,74,86,110,109,72,180,71,58,124,80,36,57,70
G[T>C]T,2329,2022,4518,1223,1098,1063,2757,1625,669,512,680,1167,434,675,515,2825,2697,1001,3905,974,589,1021,1429,3078,1607,3389,774,899,2103,1219,1843,715,2775,667,1270,740,2992,1205,720,403
G[T>G]A,244,77,89,54,98,70,129,99,56,46,53,37,68,44,56,57,82,33,48,59,59,79,63,18,84,64,58,46,38,71,127,105,110,48,79,50,59,65,93,37
G[T>G]C,150,74,82,49,53,77,88,54,73,37,25,72,53,57,82,89,69,60,60,83,92,107,49,68,104,67,69,84,67,85,115,100,121,57,77,32,37,55,84,41
G[T>G]G,561,389,199,226,282,233,444,206,205,146,183,177,188,256,258,338,251,327,211,365,284,301,298,144,459,200,282,347,204,239,412,381,616,258,448,188,169,164,202,154
G[T>G]T,697,393,448,302,470,389,779,544,441,280,341,581,438,275,272,890,278,434,557,642,643,559,609,358,464,600,287,411,420,465,365,528,834,370,783,356,494,331,533,447
T[C>A]A,996,651,490,271,148,312,355,295,191,247,109,399,154,287,512,320,357,222,333,231,255,411,445,312,451,546,341,450,249,112,311,391,1236,348,278,251,267,251,386,150
T[C>A]C,1831,749,410,288,348,499,705,390,316,147,336,647,231,622,262,457,601,423,400,469,357,555,687,439,724,743,422,521,368,501,579,438,1433,331,739,292,268,398,403,373
T[C>A]G,255,101,22,27,24,34,23,22,30,23,22,37,48,48,19,57,14,7,28,45,56,39,34,20,53,20,29,18,33,25,33,29,53,42,19,25,11,17,32,25
T[C>A]T,1073,659,221,487,303,481,519,499,381,330,240,287,324,208,286,417,464,286,223,251,364,544,212,224,600,308,336,296,419,262,594,175,508,299,657,242,198,211,522,402
T[C>G]A,693,130,414,53,54,46,91,69,4,34,23,30,173,22,15,96,106,18,60,32,48,91,35,25,165,73,60,47,33,51,60,28,77,64,49,62,38,12,37,15
T[C>G]C,793,269,137,107,85,157,115,112,69,56,112,109,128,60,111,106,130,57,72,173,90,176,164,33,430,99,144,151,88,74,136,102,385,128,158,77,43,44,95,75
T[C>G]G,141,33,36,25,25,33,20,8,8,5,11,53,18,31,19,16,17,8,21,23,25,7,40,4,59,14,23,22,28,8,22,14,83,20,10,10,19,11,16,15
T[C>G]T,994,461,598,292,323,206,464,298,208,147,122,120,233,144,166,336,240,143,262,289,280,412,171,146,453,317,244,209,170,214,316,364,497,217,494,212,97,133,339,242
T[C>T]A,76748,117165,123171,57840,100037,57379,189510,87735,77146,130177,65901,71783,89515,68877,97662,179389,101085,87747,102864,92718,95225,126475,86922,275812,76729,73390,95682,125312,74279,107774,113047,84001,136075,90119,153638,98340,89780,57137,132811,80323
T[C>T]C,82832,108277,155793,125949,144065,285918,278121,56218,212107,98964,153872,104214,146991,145676,196390,232106,144204,95543,220306,117043,198844,210145,170388,164731,123793,223206,111114,196089,211704,244607,98314,173746,430686,154135,305006,82598,82057,129697,236619,164831
T[C>T]G,50170,32884,41032,17491,30691,32352,67885,40163,38820,25581,12396,20635,17401,18077,31603,36645,22721,28821,59502,25511,43270,45701,42118,29385,32772,69748,22602,60352,29295,23986,59757,36565,58074,30075,71617,20221,26865,23369,68760,31446
T[C>T]T,43827,100308,59290,73623,40121,52914,72894,64536,45728,25039,35821,44697,27655,38770,42458,64175,28369,37833,44217,62874,46321,78717,62209,56150,57449,97805,50456,88090,38864,43864,36570,65726,71090,51819,108003,48073,75317,46356,53464,38454
T[T>A]A,1434,501,463,285,163,436,710,286,143,174,204,389,188,214,294,403,491,219,445,520,324,449,491,262,621,550,358,459,470,280,486,321,1164,430,542,237,273,277,209,162
T[T>A]C,779,856,588,379,165,260,1052,342,266,231,198,376,139,288,235,312,419,243,119,484,481,436,326,268,727,781,602,329,146,347,847,359,959,389,672,127,274,318,259,242
T[T>A]G,474,325,196,89,61,199,233,154,23,47,89,177,59,138,97,104,179,63,108,136,69,157,105,60,219,152,155,128,122,87,274,130,446,107,257,66,80,69,34,45
T[T>A]T,2540,2280,3378,1596,320,462,2766,2406,436,703,931,794,175,272,921,1251,2654,930,880,3129,1371,3771,480,1202,3844,3705,1469,732,1270,2562,4721,3671,3034,1489,5428,478,515,865,902,280
T[T>C]A,2632,2787,1480,1236,1260,1688,2188,1546,998,1010,1164,1350,629,889,1345,2591,1867,1491,1988,1050,1839,2039,1524,881,2860,4512,1060,1529,1209,1163,1565,1402,5446,1168,3190,1353,993,1052,1093,1198
T[T>C]C,899,570,719,405,234,397,969,851,521,270,273,325,244,420,227,531,526,446,607,418,664,391,593,422,827,763,439,504,296,409,1180,299,1094,562,887,320,420,416,305,436
T[T>C]G,1730,851,458,230,192,273,405,379,450,216,256,532,150,430,205,432,566,216,188,426,198,552,496,243,591,538,346,798,437,332,597,283,991,280,494,231,216,268,304,259
T[T>C]T,2730,2493,1335,998,503,757,2556,1467,511,472,465,670,387,567,721,1220,1603,752,813,972,843,1966,816,932,1173,2464,953,639,767,1019,2480,894,2349,968,2244,412,558,681,354,462
T[T>G]A,488,358,291,119,109,160,335,245,83,97,100,169,120,65,157,259,264,99,43,259,146,246,160,138,492,312,215,109,133,142,626,196,349,162,344,90,79,95,95,59
T[T>G]C,571,318,199,232,63,227,271,138,79,118,122,145,128,180,116,228,229,89,79,424,140,201,166,131,310,228,198,185,148,228,534,185,641,222,445,79,56,69,142,88
T[T>G]G,450,316,77,143,56,122,92,90,16,85,107,100,46,131,84,139,88,46,7,123,74,129,155,13,250,70,143,135,52,108,264,51,239,109,83,76,14,43,54,37
T[T>G]T,1539,657,281,172,221,303,274,406,74,148,134,181,130,146,169,234,263,120,56,325,252,409,196,90,284,328,301,132,183,263,474,193,344,231,648,159,49,113,158,70
