Type,Stomach-AdenoCA::MSI-H.S.1,Stomach-AdenoCA::MSI-H.S.12,Stomach-AdenoCA::MSI-H.S.13,Stomach-AdenoCA::MSI-H.S.16,Stomach-AdenoCA::MSI-H.S.17,Stomach-AdenoCA::MSI-H.S.19,Stomach-AdenoCA::MSI-H.S.2,Stomach-AdenoCA::MSI-H.S.23,Stomach-AdenoCA::MSI-H.S.26,Stomach-AdenoCA::MSI-H.S.27,Stomach-AdenoCA::MSI-H.S.28,Stomach-AdenoCA::MSI-H.S.29,Stomach-AdenoCA::MSI-H.S.3,Stomach-AdenoCA::MSI-H.S.30,Stomach-AdenoCA::MSI-H.S.32,Stomach-AdenoCA::MSI-H.S.36,Stomach-AdenoCA::MSI-H.S.37,Stomach-AdenoCA::MSI-H.S.38,Stomach-AdenoCA::MSI-H.S.39,Stomach-AdenoCA::MSI-H.S.43,Stomach-AdenoCA::MSI-H.S.45,Stomach-AdenoCA::MSI-H.S.46,Stomach-AdenoCA::MSI-H.S.47,Stomach-AdenoCA::MSI-H.S.5,Stomach-AdenoCA::MSI-H.S.50,Stomach-AdenoCA::MSI-H.S.53,Stomach-AdenoCA::MSI-H.S.55,Stomach-AdenoCA::MSI-H.S.56,Stomach-AdenoCA::MSI-H.S.58,Stomach-AdenoCA::MSI-H.S.59,Stomach-AdenoCA::MSI-H.S.6,Stomach-AdenoCA::MSI-H.S.61,Stomach-AdenoCA::MSI-H.S.62,Stomach-AdenoCA::MSI-H.S.63,Stomach-AdenoCA::MSI-H.S.64,Stomach-AdenoCA::MSI-H.S.65,Stomach-AdenoCA::MSI-H.S.66,Stomach-AdenoCA::MSI-H.S.67,Stomach-AdenoCA::MSI-H.S.68,Stomach-AdenoCA::MSI-H.S.8
A[C>A]A,2985,629,488,488,1027,470,383,1791,753,461,430,906,844,730,290,360,2313,339,1072,535,447,1995,414,425,774,621,2243,1001,551,776,585,487,401,2358,180,966,348,802,222,969
A[C>A]C,932,1308,676,597,801,621,567,849,658,451,992,725,598,546,336,494,2001,262,1670,734,429,1169,361,219,628,1015,1575,887,721,987,386,458,362,1119,298,1575,673,774,509,475
A[C>A]G,169,133,87,94,144,103,84,128,139,94,63,191,171,85,32,65,439,44,286,164,73,256,68,34,174,104,248,132,119,152,98,55,58,236,35,384,65,76,14,123
A[C>A]T,1530,927,630,474,581,500,351,576,605,362,356,654,755,600,217,302,1525,672,594,795,620,1383,584,202,851,854,727,605,794,638,402,481,533,930,272,832,257,568,644,426
A[C>G]A,1142,984,1001,585,975,898,626,445,1271,531,399,1085,1315,578,420,463,3904,372,1913,968,472,2607,879,174,787,1008,3377,1356,1708,648,332,326,492,1147,166,1109,469,403,1874,494
A[C>G]C,1323,516,295,388,348,370,272,554,620,236,333,327,382,335,154,291,1202,151,580,361,142,773,314,162,521,313,499,126,746,256,270,184,124,591,115,563,226,283,334,318
A[C>G]G,161,202,138,80,141,100,86,284,63,69,103,112,134,49,39,56,450,27,225,159,57,146,181,32,111,107,186,127,221,152,68,68,40,94,28,127,61,53,88,140
A[C>G]T,762,933,715,563,497,410,527,830,1411,556,384,956,691,810,350,480,1980,401,1448,499,356,2552,905,204,643,482,2468,461,1100,743,520,363,459,919,169,1559,797,363,1371,666
A[C>T]A,8094,5133,3278,2862,4889,4478,5780,5455,6612,2599,3854,2538,9501,5206,4397,3773,6958,8243,2298,5683,4691,6614,11832,923,3734,4163,8057,4520,12362,6152,5135,3845,5930,7327,887,7643,2601,3028,12125,3213
A[C>T]C,2321,3032,1379,1182,1250,1162,1515,2078,2603,1881,1380,1909,1715,1502,1338,960,3530,1101,2118,1844,1328,3186,2816,723,1961,2450,3703,1590,4180,2049,1543,1630,1605,2037,742,2889,1464,2021,4086,1573
A[C>T]G,7004,7552,9171,3626,7419,3190,8444,3013,6056,8159,5098,6775,5591,11203,7258,3032,4631,5856,3217,4135,4862,2790,5311,6753,8287,6964,5285,6680,7496,9394,3165,6851,7898,7651,7209,6874,7216,4583,18174,9952
A[C>T]T,4590,3967,2222,529,2570,1486,2110,1937,2915,1235,1529,2477,3142,2024,1258,1265,4712,2965,2318,2562,2533,4599,2755,747,1946,3433,6090,3571,4350,2421,2010,1488,1905,3926,528,5509,2258,1594,3744,1390
A[T>A]A,733,761,441,752,884,685,748,1064,1225,566,703,732,805,411,356,688,1188,595,662,673,361,1097,601,405,506,871,2266,935,896,390,445,410,524,1491,263,1228,317,499,482,542
A[T>A]C,1188,730,577,936,1900,384,506,767,944,570,951,598,531,408,717,687,1911,464,947,708,479,930,921,368,377,777,1372,362,1242,380,450,313,959,706,272,930,332,696,1330,573
A[T>A]G,1472,921,679,377,445,678,233,625,864,697,520,1303,941,450,184,253,1989,252,1717,570,863,1383,690,211,441,468,2024,866,1751,587,358,328,206,726,300,1094,344,231,127,431
A[T>A]T,990,2684,1074,752,1191,1297,1956,1128,1462,667,1090,536,1737,2560,1522,954,1217,1377,663,1062,1412,1393,2977,1225,1382,1985,2934,1438,4167,1271,1636,1954,984,1203,1218,1666,711,1114,6468,803
A[T>C]A,12836,7527,5448,2856,4537,3847,5529,6408,3219,2796,3256,4595,6083,3780,3211,6217,10353,3276,5881,4941,3934,16215,4714,1447,2399,5203,20045,3606,9547,4629,4274,2073,2298,4740,1116,7241,3339,2973,4242,3719
A[T>C]C,4463,1705,1821,1394,1975,1167,1313,1271,908,969,1413,1188,957,992,1009,1862,2067,700,1481,1218,1432,2825,1075,735,668,2019,2756,1245,2700,1044,900,715,1229,2997,302,1193,1009,1341,1245,1404
A[T>C]G,4337,4665,5616,2479,3305,3785,3791,1916,2689,3332,1524,5009,4175,3092,2699,4102,13996,3607,3526,3855,5535,6338,4149,1798,2662,3964,4926,3528,5993,4806,3142,1172,2637,5241,563,5707,2780,2129,5984,3747
A[T>C]T,6590,4937,2158,3147,5433,2937,1784,3716,1340,3469,4008,3515,3806,2035,1692,3011,10081,1334,4389,3436,2202,6549,2528,1368,1195,2580,6649,3087,2561,4145,1638,735,3313,5765,528,4213,1803,1895,782,1486
A[T>G]A,560,306,350,216,258,275,151,475,336,217,139,406,257,191,160,136,847,188,795,233,188,511,217,124,266,254,627,414,264,242,285,97,132,577,61,590,246,208,84,330
A[T>G]C,538,251,197,145,128,109,128,267,149,141,117,173,173,254,146,97,359,118,316,339,192,590,157,141,134,295,304,236,216,277,252,73,128,353,86,254,188,161,52,218
A[T>G]G,695,830,460,386,624,626,405,452,707,360,346,554,569,198,212,229,1753,181,1028,617,290,1219,255,110,617,997,1715,744,902,337,237,293,137,764,72,1097,510,338,72,355
A[T>G]T,1529,853,356,256,303,1226,608,354,458,600,263,326,197,1045,587,309,808,298,568,751,752,1354,581,760,778,963,1341,853,415,623,804,414,223,1073,196,1024,848,258,381,697
C[C>A]A,1069,3265,337,359,739,625,2476,1239,416,2110,1643,1929,3576,1896,2766,573,2149,1309,1963,833,740,1470,3584,4448,1200,2991,1718,1812,4895,1356,1666,2181,181,3528,1564,512,1363,1195,6430,2551
C[C>A]C,1200,3640,609,821,1244,1129,1442,851,2346,949,828,914,8447,1542,3501,676,3469,2135,456,1446,1253,1523,5724,651,1766,1988,2693,1905,7550,958,1383,1418,1564,1235,412,2599,648,832,12804,369
C[C>A]G,442,517,350,225,458,325,202,466,505,236,678,224,907,233,475,345,1111,307,244,471,253,691,1065,66,221,584,1118,243,1065,369,347,199,708,359,82,451,255,310,2198,252
C[C>A]T,3519,7270,1921,2056,3695,3266,4433,2327,4988,2498,3237,1951,17640,3179,9078,3931,4412,2839,801,2502,3511,4675,19069,2587,2795,7752,6025,3461,37539,3443,3028,4752,6073,3927,2726,3932,1821,3666,45594,1747
C[C>G]A,853,769,445,500,431,510,342,485,549,308,323,375,504,266,152,176,1101,171,696,180,247,945,186,220,376,333,356,616,432,432,334,275,156,536,110,952,217,232,67,268
C[C>G]C,1204,978,728,469,735,805,523,625,426,169,366,865,493,368,220,312,1190,162,611,824,640,1607,246,240,387,745,968,860,580,407,398,109,263,1147,218,649,516,356,92,438
C[C>G]G,300,239,147,75,149,103,179,186,213,138,87,168,173,162,68,111,332,65,472,218,95,263,156,76,132,201,441,78,208,188,159,46,53,323,34,209,151,118,76,168
C[C>G]T,1417,652,524,353,545,654,389,1087,758,632,377,1033,987,188,188,392,1632,211,1363,406,469,1628,467,105,529,763,1693,776,435,1284,499,377,374,967,182,909,585,370,60,616
C[C>T]A,2136,2700,1455,1289,1641,1467,1376,1824,1624,1602,1219,1604,3103,1530,1110,770,7477,888,2273,1953,1375,3349,1324,995,1252,2435,3380,1806,2053,934,1187,2404,1094,3372,1017,2266,980,1560,2301,1103
C[C>T]C,3513,2666,1483,780,1841,644,1312,1927,867,1379,1517,2123,2705,2000,1306,874,4199,617,2116,1043,1375,1323,2179,1609,1368,1638,4078,2609,3538,1570,1084,1730,980,2337,945,2582,1176,1650,4314,1680
C[C>T]G,4002,5033,5266,3263,4818,1818,5406,2287,7487,2825,3925,3572,4681,5299,5724,2144,5392,4123,3272,4140,2544,4486,3894,3939,2660,5728,7558,3849,6435,4774,3579,4440,3645,6901,2460,5259,3926,3788,9424,2809
C[C>T]T,5553,2521,2036,1901,1312,1366,2067,2282,991,1782,1119,2116,4052,1774,1220,795,5644,917,2565,1553,1620,1962,2960,899,1857,1570,5139,2910,4184,1744,1536,1487,632,3043,1099,2725,1625,1359,3039,2751
C[T>A]A,537,381,283,109,191,198,180,496,322,197,87,431,339,197,77,95,778,113,363,251,148,429,163,121,115,253,670,76,263,220,282,83,45,323,63,368,173,208,71,240
C[T>A]C,915,623,420,378,445,390,314,446,1056,297,227,454,1119,460,467,404,551,433,732,381,673,816,1007,132,438,426,879,533,1842,270,472,331,464,859,120,592,272,291,1907,383
C[T>A]G,938,534,416,295,467,483,428,790,482,435,113,318,582,278,135,218,491,208,774,507,285,381,243,94,475,239,1124,433,290,300,182,165,188,523,173,375,226,146,154,331
C[T>A]T,604,287,499,255,538,159,124,471,527,379,263,365,357,753,147,438,631,347,651,300,241,543,231,281,359,294,980,485,382,282,469,226,264,775,157,487,176,221,172,680
C[T>C]A,2560,2092,2510,1274,3188,1845,1404,2238,1062,1287,1871,1223,1863,1150,1568,2889,2701,1318,2523,2464,2124,3330,2221,1072,1294,1303,2228,1067,4257,1739,1849,649,2195,2278,287,2123,1470,1471,3127,1449
C[T>C]C,1514,1574,2214,657,1329,1152,853,1156,1402,1075,785,727,1482,1835,1027,1714,2403,1509,2454,989,1312,2571,1081,635,591,1335,1522,1403,1919,970,1092,610,992,2006,452,941,579,976,1944,1583
C[T>C]G,3069,3526,4256,2277,3269,2890,3104,2746,4361,1508,1910,2244,4066,2743,3095,3378,4724,3547,3966,2458,3755,6705,5713,1721,2030,3187,6289,3404,8352,4114,4223,1714,2869,2917,320,4619,2273,2719,4584,2369
C[T>C]T,2232,1840,3485,3225,4582,1956,1184,1766,2822,1696,3361,1925,3100,3340,2031,4247,3472,2810,3489,1869,1737,4312,1269,1414,1021,1394,3954,2279,3835,2049,1817,911,3606,5671,248,1795,1727,1746,2634,2524
C[T>G]A,251,240,182,179,188,250,147,269,353,155,52,157,257,133,129,90,395,99,175,202,173,455,206,133,202,280,328,150,258,132,152,108,59,338,59,260,130,165,175,205
C[T>G]C,1648,538,304,252,249,826,335,382,581,343,182,346,1062,640,312,295,1364,448,871,408,534,886,713,501,463,740,1498,457,599,246,659,222,177,817,133,596,599,388,413,371
C[T>G]G,626,528,415,409,368,576,516,320,578,414,371,214,640,494,317,316,1072,343,459,393,660,1685,844,256,555,551,720,541,1043,434,464,191,262,1043,99,838,414,418,1005,397
C[T>G]T,4546,4206,675,397,524,5441,831,700,446,965,260,396,1614,4845,3387,536,1544,353,1028,609,4806,3792,3128,2764,2830,4080,8277,677,1165,1116,3863,374,343,7021,231,3626,1965,295,1433,2490
G[C>A]A,929,1002,675,734,1145,273,815,711,1049,317,526,1087,1964,488,778,629,2387,316,955,1134,624,1993,1034,533,818,853,1529,1109,1431,360,455,690,444,1336,387,874,593,728,3900,906
G[C>A]C,985,1268,489,1030,2711,452,555,689,825,638,876,966,1276,403,618,719,2394,463,909,589,380,2410,1122,378,700,1284,2056,965,1912,803,817,704,992,828,347,841,283,787,1427,531
G[C>A]G,391,293,246,219,380,102,84,99,295,192,187,169,340,101,179,178,257,101,179,308,121,509,228,130,250,247,575,201,400,161,101,119,202,368,42,337,99,135,206,191
G[C>A]T,991,2017,688,872,2861,879,1591,882,1302,1997,1857,1879,583,1840,1339,917,1986,889,735,815,1109,1599,539,1106,1029,3020,1096,1019,1488,898,1519,2606,907,2281,1746,1580,948,1106,1139,1593
G[C>G]A,735,394,325,335,460,176,366,419,243,233,153,289,256,198,122,186,1653,126,572,237,242,1088,170,167,221,422,753,349,341,281,286,168,146,850,112,284,266,294,210,332
G[C>G]C,783,603,389,403,479,421,294,423,679,161,308,241,510,344,346,289,1600,183,672,378,466,1012,433,156,299,423,1160,363,888,346,261,230,179,552,121,356,292,277,401,601
G[C>G]G,166,175,73,87,141,43,110,117,132,99,71,115,191,94,73,40,268,20,230,145,53,198,170,75,109,184,183,75,121,83,82,53,82,141,32,177,50,65,121,107
G[C>G]T,1197,574,627,394,374,362,316,811,509,358,246,330,937,402,266,271,1332,225,686,433,332,683,809,208,426,418,1087,503,761,694,406,247,169,699,100,741,261,338,601,198
G[C>T]A,4997,7970,2590,2023,4150,2753,10536,3649,9191,13013,6458,3020,3707,7242,4035,3385,6671,6810,2810,3896,3991,7079,6849,6294,5235,10348,7298,5395,9053,8183,4369,8901,3449,11645,3787,5968,3188,3613,15488,3756
G[C>T]C,5218,12675,2724,4520,4551,3515,11839,2304,3027,12000,5075,5181,5889,11564,6400,5087,8438,10796,1882,6690,5872,5166,8133,8574,5251,11139,5046,8250,8298,6065,11000,14682,5200,14340,10946,7470,4310,4947,22245,6443
G[C>T]G,5116,11966,5267,2756,2732,3268,15370,3736,8327,15775,7348,11477,5117,20035,10606,5881,6039,13825,2565,8903,10833,6335,4665,15679,7515,23373,4091,12840,7428,19537,15983,15446,4737,29637,41836,4295,12059,5774,20197,21411
G[C>T]T,3229,7790,2373,1967,3777,2149,5173,2004,5107,5570,4167,2921,4393,6441,5237,3081,4056,6140,2140,4028,4878,4579,5272,5424,5801,10693,5935,7281,10094,7369,6738,8301,4715,6082,5379,5490,3003,4133,8874,7244
G[T>A]A,438,347,320,274,275,236,205,237,381,231,252,230,177,203,124,203,967,152,535,215,228,545,140,128,268,409,502,215,382,236,153,345,150,444,117,434,140,261,109,423
G[T>A]C,440,394,318,257,505,185,198,388,270,203,541,358,497,205,272,444,515,197,264,324,194,544,494,123,226,395,929,304,914,337,218,227,321,248,67,445,215,342,768,280
G[T>A]G,561,290,403,410,380,362,186,184,495,120,316,407,520,291,193,300,1066,133,243,368,228,523,512,67,397,283,721,260,822,382,172,159,216,406,92,559,209,249,405,189
G[T>A]T,412,462,278,258,441,297,244,401,329,319,325,350,503,271,329,208,1213,267,284,359,234,509,625,118,291,326,434,304,971,304,187,247,239,327,105,803,284,278,948,344
G[T>C]A,2487,3075,7269,9297,16245,1391,2448,7785,2805,2135,41901,6338,1006,2175,13271,20245,2677,2323,2557,4966,2341,4999,1257,2556,1251,2806,3460,1287,7874,2337,2565,1743,15220,2263,1105,3307,2521,17676,2085,2871
G[T>C]C,1260,1831,2544,2960,6616,707,1454,2547,1209,1274,13185,2459,782,1527,1993,4674,2277,841,783,2489,1100,1664,709,1203,907,1616,847,878,3259,1311,1076,1309,1467,1361,816,1287,1132,4410,960,1551
G[T>C]G,2490,3452,4871,4890,22397,2144,2010,4209,1829,2163,11221,3773,1498,2400,5651,10030,2472,1846,2049,4233,2275,3646,1507,1437,1442,2278,2838,1074,4891,1892,2364,1415,6505,1997,543,1531,3098,5867,2898,2511
G[T>C]T,3243,1884,5394,10317,9248,1470,1642,1816,1848,1401,9828,9243,1199,1512,2217,5926,3072,1753,1403,3245,1732,2932,1248,1840,1079,1822,1879,1292,5411,1927,1860,944,10712,1617,778,2154,1796,10196,990,2447
G[T>G]A,422,289,203,86,217,195,159,214,171,111,111,180,177,135,103,109,308,66,249,289,147,240,60,105,98,218,284,169,222,270,99,55,51,262,53,141,120,126,50,68
G[T>G]C,241,181,120,62,143,136,119,221,115,124,126,174,111,205,66,110,237,65,162,192,161,236,125,193,173,130,324,131,199,146,173,109,75,307,44,168,134,107,40,92
G[T>G]G,779,589,380,504,360,221,266,469,263,321,297,356,373,351,92,197,1233,118,463,756,359,771,171,74,293,343,843,308,452,410,442,271,190,676,104,448,190,169,108,365
G[T>G]T,1737,826,415,224,606,857,261,332,222,278,405,298,347,1141,863,321,488,277,306,368,723,2118,1300,900,708,908,2623,282,763,410,993,180,402,1645,99,1027,908,313,731,682
T[C>A]A,1148,2080,606,965,707,504,1839,461,692,1713,874,746,471,1587,589,428,1615,791,715,491,512,708,498,1939,640,2666,1539,1113,809,1337,932,798,312,1706,1244,1026,1184,812,1114,1092
T[C>A]C,1090,1146,363,536,683,491,683,622,1105,698,569,871,882,1204,493,303,2230,483,752,829,552,986,771,403,1203,1283,2421,606,820,851,610,1021,435,888,701,1379,565,562,1326,821
T[C>A]G,361,205,146,103,187,146,123,205,113,66,78,76,154,197,24,106,740,32,217,210,182,458,72,36,164,313,471,109,167,96,129,70,22,207,26,258,85,87,11,173
T[C>A]T,3160,1502,754,1081,716,1525,1489,2187,1666,856,915,974,1191,1393,702,711,4912,1264,971,989,1028,1337,1348,1223,1476,2132,2510,1199,1372,1711,1410,1565,742,2140,836,1683,1022,1385,1235,1171
T[C>G]A,682,426,419,553,531,529,342,410,744,453,324,925,1212,596,165,322,2212,165,694,548,476,1748,417,168,699,526,505,775,605,1033,343,365,551,975,192,739,443,424,78,316
T[C>G]C,1008,619,385,449,597,367,272,805,584,417,273,514,601,241,220,240,1325,155,1107,519,391,1147,319,195,506,371,1501,521,461,701,393,153,405,520,116,921,307,326,47,275
T[C>G]G,155,105,75,88,51,102,40,128,98,100,51,243,164,46,36,43,420,24,181,63,84,245,106,27,133,138,268,184,140,127,81,62,59,166,48,159,32,67,39,93
T[C>G]T,2522,1038,759,853,680,614,749,1504,1277,438,656,1190,909,688,298,699,3441,407,1043,758,622,1970,646,233,1030,1323,2280,992,1044,804,772,340,557,2286,221,2156,740,984,408,456
T[C>T]A,3137,2474,1257,1390,1625,2107,2738,1108,1298,1631,1776,1897,2180,2383,1380,1054,3711,1138,2951,1399,781,5571,1803,3734,1356,3649,3328,1587,2314,3072,1669,2206,881,2179,2906,2494,1394,1602,3715,2048
T[C>T]C,3097,2394,1189,1342,1679,1242,1205,2793,1536,1578,760,2279,2878,1905,1070,1010,4911,1350,2699,1218,1338,3041,2349,1134,1073,1748,2350,2136,2182,2454,1636,1214,922,4092,1149,2625,1209,1111,2072,1708
T[C>T]G,3180,3734,2957,2667,3203,943,2797,2027,1651,2435,1575,2343,3758,4681,2238,641,4406,1516,2885,3510,2273,3091,3359,3650,1828,3506,10516,1827,1595,3459,2997,2040,1306,3711,1367,2389,2223,2231,4263,3103
T[C>T]T,2235,2033,1022,1412,1363,1418,1318,2427,2944,1069,460,2042,1994,836,575,436,5174,751,5145,1686,1282,3570,985,457,957,3255,3304,2260,1034,1824,1193,1298,533,2044,409,3517,1183,681,331,1169
T[T>A]A,639,1411,823,600,467,603,526,621,948,312,417,467,1905,544,597,595,2098,439,725,678,587,1363,1794,217,510,835,2779,526,1323,729,631,351,621,907,445,1557,481,881,2628,489
T[T>A]C,826,511,365,272,297,272,228,169,341,233,227,279,320,327,135,227,1230,164,294,289,236,505,216,92,172,323,1151,251,569,226,104,107,109,317,102,561,230,205,123,188
T[T>A]G,780,432,173,365,549,275,202,439,320,170,251,459,355,203,89,210,960,104,434,192,379,767,212,95,269,322,969,425,299,262,211,181,131,645,99,571,258,115,74,152
T[T>A]T,2302,1140,838,630,575,1049,847,1174,1267,365,703,1294,1888,895,633,647,2315,838,1161,820,987,1173,1050,211,1006,896,2673,810,1895,794,684,603,782,1300,246,1579,515,653,2116,557
T[T>C]A,3210,2924,3592,4992,12727,1893,1576,2726,2328,1370,8566,3056,1744,2106,4894,7483,3397,1894,2042,1973,2491,4979,1820,1297,1898,2429,4294,1056,6824,2600,1627,1331,8107,2181,590,2562,1984,4210,3489,1613
T[T>C]C,1500,2308,2068,2559,8741,1378,984,1600,1274,1147,10105,2085,2063,1815,3366,4131,1816,1469,1676,1906,1082,2628,2134,1324,1055,1470,2972,1532,3468,1658,1115,964,7782,1753,590,1324,1373,2743,6632,1504
T[T>C]G,1952,1657,2248,2433,4273,1857,1616,1921,2711,1114,5041,2348,1680,1423,2117,2282,3085,1625,2558,2468,1864,4065,3243,827,1200,1719,2743,1337,3858,1183,1199,922,3411,2184,349,2879,1381,2214,3749,1734
T[T>C]T,2989,4106,3343,3238,5983,1962,2708,4044,3465,1269,4188,1753,1701,2045,2728,5021,5250,3528,2824,4646,2854,3565,3662,1332,2719,2055,4118,2484,6910,2378,1990,2212,5470,3205,393,2699,2856,3211,3892,1290
T[T>G]A,670,466,219,220,474,208,231,255,337,303,261,386,373,291,156,135,1515,97,442,295,328,455,281,84,336,282,353,329,464,177,230,168,129,528,109,459,244,236,52,540
T[T>G]C,893,651,245,399,531,363,345,876,446,349,231,575,599,526,265,212,1099,124,790,658,416,894,441,219,259,611,1067,280,657,351,355,217,159,747,118,805,356,297,46,402
T[T>G]G,914,781,403,265,322,420,727,824,414,303,203,788,923,360,320,316,780,189,1194,505,427,1653,638,198,426,544,1275,354,934,285,364,209,295,1326,123,792,328,397,798,406
T[T>G]T,1422,1818,1556,867,954,1769,1372,927,1366,1010,610,1147,777,1942,1279,659,3237,1096,1036,1333,2371,3551,1877,1935,2458,2587,5440,1163,1533,1986,1939,989,1415,3017,781,3673,1299,1075,1117,1532
